,Contact: First Name,Contact: Middle Name,Contact: Last Name,Contact: Date of Birth,Contact: Assigned,Contact: Phone Number,Contact: ID
0,Frank,Marie,Smith,04/04/2009,Individual Contributor,504523377,903dfac1-89fe-4035-a581-e1051580653f
1,Evelyn,Thomas,Taylor,12/09/2010,Aaron Artsen,195730020,8f74e04e-6614-40fb-983b-069a91c8b3f0
2,Frank,J.,Davis,12/31/2009,Gabe Michel,930095284,389b53de-5ae9-487d-bfc0-005a15fecd0e
3,Evelyn,Thomas,Martin,04/25/2012,Tim Mint,999124133,47855bc8-a467-47fd-af45-27c6addb76c7
4,Alan,E.,Martin,01/01/2023,Gabe Michel,244017546,ca0f671a-75a3-4c12-af3d-e7d14649026c
5,Bethany,E.,Smith,01/28/2022,Individual Contributor,458778761,53351e1f-00e4-4fed-b481-34637d206eae
6,Derek,T.,Martin,01/04/2016,Tim Mint,855428027,e362af25-f666-4415-977f-121012e61534
7,Chris,E.,Davis,03/30/2015,Gabe Michel,642555733,b37543dd-7ea6-48bc-bf3e-f190ee46e8a0
8,Chris,Marie,Smith,01/24/2007,Individual Contributor,933602656,ac41dd22-59f9-4c23-9136-dab25416a923
9,Bethany,J.,Donald,10/29/2019,Aaron Artsen,832419189,231805d0-6a42-4730-bd87-e07253ec12f4
10,Frank,James,Donald,01/22/2010,Gabe Michel,109732727,b89bd397-b4a6-45b9-a882-594ac1489b2a
11,Evelyn,T.,Martin,12/02/2006,Bond Liver,679669927,27ae4814-bf27-4d68-a3e8-31eb6550f5a0
12,Hannah,M.,Taylor,03/06/2022,Individual Contributor,187906057,38503395-7956-49d3-8544-10e319ca41b5
13,Evelyn,James,Taylor,03/03/2011,Individual Contributor,915495850,331c3d13-a4ec-4774-b251-8537374c04e9
14,George,T.,Brown,11/26/2018,Individual Contributor,108600554,c879391b-7c4c-4fde-ac62-56f5b7630af6
15,Irene,T.,Smith,02/06/2011,Tim Mint,142726971,94be0816-7792-4412-a617-ddf516f74620
16,Frank,Marie,Johnson,04/20/2020,Gabe Michel,203684278,c9371207-3539-4d5e-9f34-babf4fbf6db9
17,Frank,Marie,Davis,11/27/2011,Aaron Artsen,863425427,422f6ddb-f3c4-4889-939f-3453f4fad310
18,Jake,Thomas,Johnson,02/10/2012,Individual Contributor,332926718,bff18fdf-c0a3-4b99-890d-244625d71cad
19,Evelyn,M.,Smith,04/15/2006,Bond Liver,736490541,60d3fed6-febd-427f-8083-eea9bb8dfb9f
20,Jake,J.,Davis,09/08/2009,Tim Mint,215634223,b1c77e4f-1a29-429e-bab5-a9aa11b972a4
21,Bethany,Marie,Davis,08/06/2016,Gabe Michel,780877918,e918c353-86a4-4cbb-ae8b-56b3c1155d92
22,Frank,Elizabeth,Donald,04/20/2008,Individual Contributor,652513216,e0c0bfff-b3e4-489d-8e55-332cd9358d62
23,Hannah,T.,White,08/13/2008,Bond Liver,330046553,e9044f88-8970-46bd-a535-03ce5c3806fb
24,Hannah,James,Smith,11/18/2024,Aaron Artsen,161167041,5d5dad5a-4521-4e23-8f97-e39f80710bb9
25,Chris,M.,White,05/06/2024,Individual Contributor,231714232,04864ab0-13bb-4b40-ae2a-0af44a44716b
26,Irene,E.,Taylor,06/27/2021,Tim Mint,881131226,19ea0863-00b6-4674-8a1b-e1beb86dd9c0
27,Irene,Thomas,Johnson,10/29/2021,Gabe Michel,832440364,7a784ab3-546f-4c65-a3d8-d9f50139828e
28,Hannah,Elizabeth,Martin,08/09/2005,Gabe Michel,745614862,bdb54bbf-67e7-42f6-b13f-22b02f9b976f
29,Bethany,J.,Martin,02/03/2005,Gabe Michel,649559919,2fb23941-0752-41bd-b565-d88f0fe7786b
30,Irene,T.,White,03/28/2020,Bond Liver,525461264,1ba8c220-0a09-41fa-bd14-db67be145929
31,Bethany,M.,Johnson,08/31/2008,Gabe Michel,943110152,49285445-0591-4606-ad19-8f3f7ae17b07
32,Jake,James,Johnson,12/18/2020,Gabe Michel,517028772,d831c243-eaf5-46ac-b1e5-3e803ddab3b0
33,Frank,Thomas,Taylor,10/02/2020,Bond Liver,804885500,894edf54-58fe-4e7f-bdcb-087471d07f02
34,Alan,M.,Smith,11/21/2007,Gabe Michel,311668565,b63633ff-66a9-476c-af48-4c75f8a81776
35,Bethany,E.,Smith,05/04/2006,Aaron Artsen,648165615,e46a300b-7338-4417-a657-a01c82f35722
36,Frank,Elizabeth,Donald,11/08/2011,Tim Mint,887914968,dec394aa-1abc-4672-97a4-a921b68d3b44
37,Frank,T.,Johnson,06/22/2018,Aaron Artsen,431860747,8d022536-74f7-4d9d-9120-80601267b7e4
38,Jake,Thomas,Davis,07/01/2005,Gabe Michel,677698685,af887f4c-c66c-4b29-ade7-d16f1ad47082
39,Irene,James,Davis,01/24/2018,Gabe Michel,390481143,70de98fb-934b-4f59-ab97-1e33cbb52123
40,Hannah,E.,Brown,04/02/2015,Individual Contributor,647351202,1d1dd013-b0d5-4a71-9f58-14643dff7a6b
41,Bethany,James,White,07/14/2017,Gabe Michel,300841161,1b10c7ab-6285-4728-b96b-9a5c752f4833
42,Derek,Thomas,Davis,05/22/2013,Individual Contributor,529024451,96d1f07f-92ed-43bd-a22a-20bbc002bb13
43,George,E.,Donald,11/13/2022,Gabe Michel,311032618,9f7e312e-0120-4e43-83e9-8afb0fc56e17
44,Hannah,T.,Donald,12/05/2010,Aaron Artsen,672618708,4da33b7a-58bd-43e1-927a-1e5b610e3606
45,Alan,Marie,Smith,09/26/2018,Aaron Artsen,744971738,71818844-d5ab-4ca2-834a-8b13053e94bc
46,Frank,T.,Brown,07/13/2005,Aaron Artsen,258224538,c8b3325d-d541-41cc-b524-ca0aa8b71375
47,Irene,Marie,Davis,02/12/2015,Individual Contributor,587671988,69b359f3-8e4f-458e-b6a3-2b83d2747f53
48,Alan,T.,Martin,12/04/2006,Tim Mint,811429632,3a9bc021-ca62-4cb5-aa65-adae72ead7bb
49,Chris,E.,Donald,12/28/2016,Tim Mint,199757595,ab1cf049-3eed-4a90-8536-b1eb0fb9398f
50,Chris,Elizabeth,Donald,04/10/2006,Aaron Artsen,768500664,6b8dcffd-08e0-4244-ad7c-94d759141fc4
51,Alan,E.,Donald,07/16/2021,Bond Liver,986094208,84e1b3b9-5a21-48b5-878d-fb9e2f8a3341
52,Irene,M.,Martin,07/01/2019,Individual Contributor,843038144,2346c4ab-87d9-43b7-ace3-a29e3e27c5e0
53,Frank,Marie,Martin,12/17/2009,Gabe Michel,695298700,fcb7d277-101b-46ab-9e80-34a5f56a3990
54,George,James,Donald,12/05/2023,Gabe Michel,173829027,84274f83-9117-44ce-9db5-3f70cd64c1c3
55,Frank,James,Donald,04/02/2020,Gabe Michel,457487448,0cef1292-28aa-43e3-8a10-3cd086cba649
56,Alan,Elizabeth,White,05/08/2015,Aaron Artsen,590584762,9343dc82-6631-4212-a79a-3bcabc5ea10e
57,Bethany,M.,Donald,08/29/2015,Individual Contributor,308705993,cbb09530-8411-4d94-a44c-13a7ab255301
58,Bethany,Elizabeth,Donald,06/26/2010,Individual Contributor,444347041,e32383e3-e20c-44c9-8212-4b48fc9d011b
59,Irene,James,Martin,09/19/2005,Individual Contributor,499618231,d19a4400-b818-46da-a5a0-8e569bbf0520
60,Jake,James,Donald,09/10/2010,Aaron Artsen,812512148,353c7ea1-e249-47c2-9034-0e585f2fc207
61,Alan,J.,Smith,10/09/2019,Gabe Michel,265836162,4fcf5654-19bc-4601-8efb-ee196b98ce32
62,George,James,Martin,01/30/2009,Individual Contributor,178935052,03bbfc25-0acb-400f-ae46-a695423cb861
63,Derek,E.,Brown,02/09/2019,Aaron Artsen,945516645,fc886f4e-005a-4641-bf2f-3ee8e89a86eb
64,George,Thomas,Brown,12/22/2011,Bond Liver,909775701,63eec1ba-a69d-4049-9183-5b04bca94341
65,Bethany,Elizabeth,Smith,08/13/2008,Gabe Michel,986665329,a512a3bb-4717-44f3-b96d-908514700e67
66,George,E.,Johnson,09/14/2007,Aaron Artsen,219980733,d57ef4f1-9b79-4685-ada5-b0feb8e64172
67,George,Marie,White,03/01/2010,Gabe Michel,716745355,b9d27e6b-cfba-433f-91df-cfa3610c8044
68,Alan,J.,Taylor,06/05/2005,Gabe Michel,883510443,95b4a995-bf75-47c5-b1cf-4f02aa56f801
69,Alan,E.,Taylor,07/23/2021,Bond Liver,414077322,e22f9bf1-49b0-4b29-9a68-ba46c049fe72
70,Alan,M.,White,06/06/2022,Gabe Michel,463398130,882fdc0b-1d9e-4db6-b27b-8a34a2f8dddc
71,Irene,J.,Taylor,08/24/2021,Tim Mint,656649386,1924ed57-5f17-4852-b905-615c8970dbca
72,Alan,M.,Smith,08/16/2014,Individual Contributor,996713105,6b4878cb-df40-4eb8-a9dc-977643c7f231
73,Derek,T.,Smith,10/16/2019,Gabe Michel,515891170,d86b39bd-d899-492f-88ef-0f8ec155a781
74,Jake,J.,Taylor,09/24/2023,Aaron Artsen,733892180,31b7251d-84d9-49df-bd97-89b0e3dc47b1
75,Alan,T.,White,11/29/2013,Gabe Michel,133103334,cf8d0173-664a-4d38-be93-979203fc61b2
76,Derek,E.,Smith,03/08/2012,Bond Liver,117642200,7bf381a7-7368-4e98-bbb2-ceb0cc4505f4
77,George,James,Taylor,12/05/2009,Gabe Michel,480477871,86f27a68-2230-446b-8df7-7535096a0a90
78,Derek,James,Davis,07/29/2022,Tim Mint,462979533,f8d568b4-e9fe-4821-96bf-fb09d7fc0d52
79,Irene,M.,Davis,09/09/2020,Gabe Michel,918260113,96e0ba21-83bf-43cb-bd56-4773a70507aa
80,Evelyn,J.,Smith,12/23/2010,Individual Contributor,766092488,52b6a061-1a58-42d7-b697-edc630401114
81,Alan,M.,Johnson,05/01/2021,Bond Liver,363273530,819d222d-ce06-410d-94ea-3dc6fac370f0
82,Evelyn,T.,Donald,08/04/2010,Tim Mint,701716425,dabce8d6-8c17-41ee-b0f7-ffa58aec0814
83,Hannah,T.,Donald,10/29/2013,Gabe Michel,148558167,b53844cf-5c07-4f4d-bd4e-b0d408d062f4
84,Hannah,M.,White,05/22/2014,Aaron Artsen,772514409,561aca8d-a021-4d21-8987-fbf719814c30
85,Frank,E.,Taylor,04/23/2005,Gabe Michel,780339339,dea0cfa0-65a0-44b0-85fb-1a4986f3afe4
86,Irene,T.,White,05/04/2020,Bond Liver,738149607,2af40263-2a5a-4c43-9e2c-def672501be5
87,Irene,Thomas,Martin,02/21/2009,Gabe Michel,883441080,9254236c-338f-4841-b756-fc5826660463
88,Bethany,J.,White,07/25/2012,Tim Mint,269263074,b9588d5c-0e89-4ee4-b105-d25ccf4f3807
89,Frank,Thomas,Taylor,02/25/2014,Gabe Michel,716809364,27ad92ae-c414-46be-941f-14a49c98b1e2
90,Alan,M.,Smith,08/28/2016,Tim Mint,903926255,1bf5824b-bf2e-4fc2-a8af-01a0a83eed88
91,Evelyn,Marie,Taylor,08/09/2014,Aaron Artsen,552592516,796b8490-2d29-485b-96d4-22e98d09bb1f
92,Derek,T.,Davis,10/10/2024,Gabe Michel,925652519,0d9e7038-5ae6-4ee5-9485-6fb14bd716cb
93,Jake,Marie,Martin,08/30/2009,Gabe Michel,445595610,c8ea6bd6-85e2-4338-bfca-c88ec0f78595
94,Alan,Marie,White,07/24/2023,Bond Liver,764606099,6ddf0995-260b-4c50-9393-efdfda167380
95,Jake,Thomas,Johnson,06/27/2015,Tim Mint,529200199,d3444019-f86b-4586-8310-d20bd4b2bc7f
96,Irene,Marie,Davis,11/26/2007,Gabe Michel,853325541,28a2b9b6-8416-466a-afd9-9ab3b41a599f
97,Irene,Marie,Martin,03/30/2017,Aaron Artsen,283850873,73a36d2b-b112-43a4-b5d8-09d5699ab350
98,Bethany,Elizabeth,Taylor,01/04/2010,Tim Mint,554972947,80f887e0-3a1b-4a99-ae2d-9fea557be3c6
99,Chris,E.,Davis,04/12/2015,Individual Contributor,322887027,99ff4ef8-d6b6-4207-b10b-23151cc6bca4
100,Bethany,M.,Johnson,12/21/2014,Gabe Michel,966585896,7da5cff9-824d-4389-b729-d8c5d369dbfd
101,Hannah,Marie,Johnson,08/30/2008,Gabe Michel,868263672,ca75a1c3-cd8e-4131-9c00-ffc38eb47ae2
102,George,Thomas,White,02/21/2022,Individual Contributor,409154044,27cfb7c0-14ea-49e1-aa6c-1c49d899fce4
103,Jake,Elizabeth,Davis,12/23/2008,Tim Mint,282530521,2ba705e9-525b-4f4b-8835-2cf946a36f31
104,Bethany,E.,Martin,04/11/2007,Individual Contributor,340352047,7f08a194-0939-4154-a171-fe322def29fa
105,Frank,Thomas,Johnson,09/25/2010,Aaron Artsen,694875939,9fe44e80-8f73-4f00-826a-2556ee7d6de2
106,Derek,T.,Donald,06/04/2024,Bond Liver,644453667,7ea70777-b225-4c15-909d-f7db30d1380e
107,George,Thomas,Davis,04/28/2016,Aaron Artsen,355940138,775813d8-50e1-44b5-b967-4756216cff23
108,Alan,T.,White,05/06/2020,Gabe Michel,177157963,93d2ffc6-1ce4-461a-b166-700d25a63559
109,Bethany,Elizabeth,Donald,10/03/2011,Individual Contributor,446200494,cc223029-c013-4267-9464-cdf32207791b
110,Bethany,Elizabeth,Martin,07/02/2020,Individual Contributor,321054519,1a1474df-531a-49f8-acd0-8fcf412810a2
111,Irene,Elizabeth,Davis,08/10/2014,Tim Mint,486493696,ce9abdae-ed68-4800-a813-7da45098780f
112,Hannah,Marie,Brown,10/14/2019,Individual Contributor,793755467,fcb40c1d-5979-4ef9-88d5-fc0870b66279
113,Irene,Marie,White,10/15/2006,Gabe Michel,619489426,de2e4ca3-5881-4a71-9bc6-626b535b42af
114,Evelyn,Elizabeth,Johnson,07/30/2019,Tim Mint,407399844,27210789-8094-4a88-a41d-effa57aba282
115,Evelyn,T.,Martin,11/18/2013,Individual Contributor,685844010,e2ed96a1-8914-4fc1-bcc7-f2f4aa9f387a
116,Evelyn,Marie,Donald,04/18/2007,Individual Contributor,410407066,f345ee86-53b8-4a52-b754-3476982c26a4
117,Bethany,James,Donald,05/18/2005,Gabe Michel,907765416,eeab5997-cd83-48c5-9e88-ec480e02b483
118,Irene,T.,Smith,08/20/2013,Aaron Artsen,957458144,43806838-4983-4ec8-8ad0-431a967b0441
119,George,Elizabeth,Davis,02/27/2010,Individual Contributor,286974114,862fbb94-cde3-4360-8d3d-13a50f568d35
120,Jake,Marie,Davis,01/13/2018,Aaron Artsen,236080483,e5e20864-9f7c-427c-9881-a46b31c795e2
121,Evelyn,E.,Donald,09/29/2016,Bond Liver,862894256,02d1be34-11c8-48bb-b666-cbbcb782c832
122,Bethany,M.,Johnson,05/13/2024,Aaron Artsen,699175445,4e8986d0-3f83-4d41-832e-615b255ea01b
123,Irene,E.,Davis,10/05/2017,Individual Contributor,437901930,431bf2f5-8ea4-4b60-a430-4c450b1de9a9
124,Jake,M.,Taylor,01/06/2009,Gabe Michel,819181250,998548f3-899d-455d-b044-df1d89958c14
125,Derek,Elizabeth,Donald,06/29/2008,Tim Mint,346058207,e7b5d7cb-3e31-4342-930c-618669eefb47
126,Chris,Elizabeth,Donald,03/06/2015,Aaron Artsen,520194797,170f72f6-f36c-48d6-9f5e-4141f7a282b1
127,Bethany,M.,Johnson,05/30/2009,Gabe Michel,200365373,a99550bc-ee51-419f-8447-fea378370910
128,Irene,E.,Davis,02/04/2019,Individual Contributor,703129331,d583d58e-b5bb-4a6f-ba4d-dfcf291ed154
129,Derek,E.,Martin,05/01/2014,Individual Contributor,413215296,5ee14c22-701d-4501-a569-47ef5c1a090d
130,Frank,Elizabeth,Martin,03/14/2006,Individual Contributor,114236470,2b9c3c9b-1074-4ab2-98ef-de5bfd049423
131,Alan,James,Johnson,10/17/2024,Gabe Michel,406670100,22514012-364f-4432-bb27-8f266087ec7c
132,Bethany,T.,Taylor,01/12/2021,Gabe Michel,966577852,a81210cb-bca5-4056-86b6-d54cb813f7af
133,Irene,Thomas,Brown,08/05/2009,Gabe Michel,775445503,4f7da3de-8d82-4ff6-ad37-1887e205403e
134,George,Marie,Davis,12/16/2018,Bond Liver,369547543,42813f0b-bc8d-4d4c-b795-56f0a7a2343f
135,Bethany,T.,Donald,01/09/2010,Aaron Artsen,938686845,d8c4e761-fff2-49dc-9e07-f36405b53d8b
136,Chris,E.,Donald,08/09/2018,Tim Mint,238584595,440b16cf-2e41-4e35-b09a-30ddcbaa1c32
137,Chris,J.,Brown,07/30/2009,Aaron Artsen,587976665,e1e57171-b339-40f6-b5a7-96fc2fc6c0a4
138,Evelyn,E.,Taylor,10/08/2021,Gabe Michel,216623652,80fbfb11-7d2d-4818-9e29-eebd21d52f81
139,Evelyn,James,Martin,01/07/2006,Individual Contributor,766919980,79fdd99e-d3ce-40cb-904f-21ddbd026b3e
140,Evelyn,J.,Davis,10/09/2009,Bond Liver,175207656,7a4c72a7-61a3-489c-881c-25fd482fc2f1
141,Evelyn,E.,Davis,01/25/2020,Individual Contributor,802812957,cda69a97-1d35-407e-b122-01a578c9e821
142,Jake,T.,Taylor,11/23/2009,Gabe Michel,723852017,fe896913-2065-40f4-b1f5-cbff25346d9d
143,Irene,Elizabeth,Davis,03/20/2021,Gabe Michel,919815786,5219c859-3ff2-4f96-a459-da0150b962ef
144,Hannah,M.,Johnson,08/02/2009,Gabe Michel,595942889,2c26949f-c75a-46b1-8c3c-13a99068aa06
145,George,Marie,White,11/19/2006,Tim Mint,625149193,c87df1aa-31f3-4c7b-b737-66d073bf8646
146,Derek,E.,Martin,12/13/2006,Aaron Artsen,842893227,3a57e5e9-6905-4f25-b0d1-4a1fd944ecbd
147,Evelyn,E.,White,10/09/2021,Gabe Michel,972100037,d8b7a6d6-80c9-4143-92f8-f296488c8ad3
148,Alan,M.,Brown,04/04/2005,Gabe Michel,678274571,bca413c5-8ced-4e26-9396-a374e1443b3e
149,Bethany,J.,Johnson,05/02/2023,Aaron Artsen,666820814,465bd698-6a4a-42a5-9ccb-2ab3468e7cf5
150,Alan,E.,Smith,07/15/2012,Tim Mint,792670869,c3695f4a-60d4-49c4-8ccd-5f3e3c4266df
151,Hannah,J.,Martin,11/25/2019,Tim Mint,322021142,f829fadb-171a-485b-8ec0-0aea3654a482
152,George,J.,Taylor,09/19/2015,Individual Contributor,219905883,262ea256-ec0a-48a5-bf44-ceed0da73ff2
153,Bethany,Marie,Johnson,10/09/2007,Gabe Michel,819158297,183c3f52-7921-4605-8ca0-2a2f0c42dea0
154,Evelyn,Thomas,Davis,06/02/2011,Bond Liver,511380106,d4ab70b5-d374-40b8-9332-56da577fb743
155,Irene,J.,White,04/10/2010,Individual Contributor,819843023,c2515ac6-1f08-48e9-a4df-6c7e6a7c64b9
156,Derek,T.,Martin,12/01/2020,Aaron Artsen,680631769,d694aa58-50af-4cb2-9fdb-0761092e7e24
157,Jake,M.,Johnson,12/15/2023,Aaron Artsen,408969926,535f439a-a430-47f8-98cb-da332532e4be
158,Alan,T.,Taylor,12/14/2017,Tim Mint,430771602,738387e3-37fb-41e1-b9ea-84e1807e8feb
159,Irene,M.,Taylor,06/28/2014,Aaron Artsen,839914954,9e6faae6-0247-4dd8-8448-f339f82f6557
160,Hannah,James,Johnson,12/13/2016,Gabe Michel,207440724,44d34c5e-7821-478a-975b-5ec39c76096f
161,George,J.,Donald,03/31/2014,Individual Contributor,136939506,df1b8ddd-d221-47b8-a942-1c122148fae3
162,Chris,Thomas,Johnson,07/10/2012,Individual Contributor,830196047,1125976c-bc0e-4b33-abfc-7341abe3870a
163,Irene,J.,White,08/27/2022,Aaron Artsen,707184143,860cb6e1-e282-47dc-86d8-f6160c9c9f48
164,Alan,J.,Taylor,09/14/2015,Bond Liver,609397792,d73ec982-2454-4083-962d-0c5138990ee7
165,Hannah,Elizabeth,Smith,01/25/2020,Aaron Artsen,540049338,c3f1e2f5-949f-479f-8dbb-014ded9cdd67
166,Irene,J.,White,02/19/2019,Aaron Artsen,181172934,ab80e63c-f78b-42d5-ab03-0a2b5e127bbb
167,George,Marie,White,05/04/2013,Gabe Michel,842348401,8b51578b-0373-494a-a29e-a05b9b7a0d18
168,George,Marie,White,07/01/2023,Aaron Artsen,286587244,6be47c69-c4ef-4e7b-8815-763662df86af
169,Bethany,M.,Martin,02/10/2013,Gabe Michel,143118022,4e966f1d-83d4-4887-a5bd-0f356f9c8284
170,Derek,J.,Davis,04/29/2013,Gabe Michel,571781862,7b830831-7209-401f-b375-9ddcc82697a4
171,Frank,Elizabeth,Davis,10/30/2016,Gabe Michel,477748333,9acc6064-3809-493a-9172-d7188321f55c
172,Jake,M.,Smith,03/15/2022,Gabe Michel,678299720,4d4104a3-40fd-4399-bcec-85bf9a53f18d
173,George,Elizabeth,Martin,05/24/2022,Individual Contributor,725977077,f683d834-9b99-4cf3-8452-1b48ca4e60bf
174,Chris,Thomas,Taylor,05/25/2013,Tim Mint,171931375,da6b22c8-a9ac-48a1-a9ea-553fac21c78f
175,Chris,T.,Martin,10/02/2020,Gabe Michel,890349273,95f60dae-d78b-4a91-a7ca-f1a29dc10995
176,Jake,Marie,Donald,05/31/2012,Gabe Michel,264543808,7e2ac239-c887-47d0-a506-c57f016bc0d9
177,Chris,E.,Brown,09/30/2015,Gabe Michel,724768373,bbc37d86-eb9c-4b00-bb6c-51654147d6bc
178,Hannah,James,White,11/29/2022,Individual Contributor,608954984,abf840c3-f48e-4372-936e-7b0ffba20dbf
179,Bethany,J.,Johnson,12/28/2013,Gabe Michel,941799092,7db5bf0f-e322-4d0f-8fb4-cb862c51e51f
180,George,T.,White,10/18/2009,Tim Mint,414604593,441881e6-ca21-4508-9def-8c559ab08522
181,Irene,E.,White,04/08/2014,Individual Contributor,647929199,d8a5171d-534d-4983-b32d-8b2d64360216
182,Hannah,T.,Davis,04/19/2010,Bond Liver,924205350,ee2506d7-3fe6-4f5f-999e-e5bf4863004b
183,Frank,M.,Taylor,07/24/2018,Individual Contributor,362556308,9f278f17-3896-42c1-a2d4-70769c34cd4b
184,Alan,Marie,Smith,12/31/2020,Tim Mint,253040280,9099445b-fb85-46d1-9e11-3c8cfd4e154d
185,George,E.,White,11/16/2023,Bond Liver,254008876,fb8d20d5-7193-4f3c-9fd3-f5835618cce8
186,Chris,T.,Smith,02/24/2008,Aaron Artsen,206777816,f01c1309-9139-4093-a64d-9f00e70b9bad
187,George,Elizabeth,White,09/27/2012,Gabe Michel,150450826,6f2b0783-1cf7-4b12-ac88-db10528cd004
188,Alan,Marie,Taylor,04/16/2008,Gabe Michel,223563532,9b3ed98a-e70a-4ce3-abb1-b749b5bffb5a
189,Frank,Elizabeth,Brown,06/06/2009,Gabe Michel,425399449,1444fbf2-3283-4770-964b-c0d0d98eb95d
190,Evelyn,M.,White,04/11/2014,Tim Mint,463545524,1bf3b33b-50fb-433c-8e62-51bc524b81e5
191,Derek,Elizabeth,Martin,03/09/2005,Aaron Artsen,687275989,4844ceb6-a5a8-44c6-ac1a-4d83ecebfea8
192,Derek,T.,Martin,09/17/2009,Gabe Michel,554891727,b0a5618c-e99f-4716-89b4-a7cac7e6fe20
193,Hannah,Thomas,Taylor,02/21/2006,Gabe Michel,976756883,4cc53491-20ac-4a1e-bd56-a91a128eba68
194,Evelyn,Elizabeth,Smith,12/24/2023,Aaron Artsen,978983476,b94ac4ca-7892-4c88-871c-6f64112b3a20
195,George,T.,Smith,06/17/2021,Bond Liver,902570236,d83e9f2a-fa35-4bd6-85d6-814f216d3852
196,Alan,M.,Taylor,09/30/2011,Tim Mint,602891431,f094de06-30c8-44ba-860e-fe442d373697
197,Alan,James,Johnson,06/16/2024,Tim Mint,304320357,c4cb8a52-2ebf-434b-b4e1-25815350f065
198,Frank,Thomas,Donald,10/13/2020,Aaron Artsen,857591611,0d144fd3-44da-4e7f-82cf-6dc245144e7b
199,Alan,J.,Brown,09/21/2018,Tim Mint,179357267,d3e72795-34d8-45b0-8682-f3050c48beca
200,Alan,James,Smith,07/12/2020,Bond Liver,219816309,affa5899-ed8c-4f13-8f53-d2857cd5c8ce
201,Bethany,Marie,Smith,10/25/2013,Aaron Artsen,726181333,e8043680-e659-4a2d-9815-a651bace373d
202,Frank,M.,Donald,07/29/2011,Gabe Michel,129561213,29d97cb9-7939-4848-8c42-8fabe341eafb
203,Hannah,J.,Martin,05/16/2023,Tim Mint,312845224,71f49808-ca2f-4154-95f6-89de5a111b53
204,Derek,Marie,Johnson,03/27/2006,Gabe Michel,976420237,aa2a1eb1-6cd3-42fa-8225-fd048ba5b22e
205,Derek,T.,Johnson,06/01/2020,Bond Liver,312157683,1a449001-fdf7-4437-9c7e-a65f1c7bc5d4
206,Chris,T.,Smith,04/29/2013,Gabe Michel,466145252,0f44ef2c-1764-4ab6-9950-1926609a388d
207,Hannah,E.,Brown,01/14/2008,Tim Mint,627654252,aacd7650-9d46-46d5-822d-213da86c4637
208,Alan,Elizabeth,Smith,03/10/2020,Aaron Artsen,684699082,6afb1e14-f36a-421a-a88c-c7f61954d521
209,Irene,James,Davis,07/14/2018,Gabe Michel,306943350,13934f17-0f26-43c9-a1bc-3f0b0bdce463
210,George,James,Taylor,04/02/2017,Gabe Michel,569690793,d03722ea-995b-4090-9e51-76a47d2a3912
211,Derek,Elizabeth,Brown,09/22/2007,Individual Contributor,724787462,f39a5c02-f3ab-4e6e-8b50-d696dd6170ce
212,Bethany,Elizabeth,Brown,04/10/2011,Gabe Michel,657603031,8bb85800-a0ce-454f-8478-fdb3b5a6662d
213,Derek,Elizabeth,Martin,11/22/2024,Individual Contributor,117297827,1296e4e1-ce24-4134-904c-4ef879c628b3
214,Evelyn,E.,Johnson,03/14/2006,Tim Mint,948604668,4df8bc38-7bf5-4b9d-9526-d5fecf190f3f
215,Chris,Marie,Davis,12/12/2024,Gabe Michel,776852151,9a846bb4-5bca-43f1-842d-9ecac4d0e9d2
216,Bethany,Thomas,Smith,11/26/2022,Gabe Michel,876422187,5dc8c3aa-0a23-416a-a3f1-60a9f1007b0a
217,Jake,Thomas,Brown,05/20/2017,Gabe Michel,889639717,721cb7b3-3c40-4833-be1a-6d4718aa5b7b
218,Bethany,E.,Smith,03/23/2014,Bond Liver,699620488,97d8326c-4fc8-4713-b830-4942b804e71b
219,Irene,Elizabeth,Taylor,02/06/2005,Gabe Michel,291800949,b05bf7d3-8bf6-4a8b-a8ad-bea11546a201
220,Jake,J.,Smith,10/13/2009,Bond Liver,272323948,3070ec8d-68f2-4f26-a9c8-878e85d0c5e6
221,Hannah,Elizabeth,Davis,02/08/2015,Individual Contributor,472170263,893be87d-3165-489d-8556-24e687d07ed6
222,Frank,E.,Davis,01/01/2007,Aaron Artsen,757604890,cc4c3170-d3f3-44d5-ba3d-35ad8b6f460e
223,Irene,Elizabeth,Johnson,06/12/2024,Gabe Michel,966460184,c0f02bfb-22bb-4044-8dc3-1aaf9e4f5725
224,Irene,M.,Johnson,04/11/2010,Tim Mint,400371875,e89f5f30-081a-4599-ac61-bde1977eb35e
225,Chris,T.,Martin,09/08/2010,Individual Contributor,992238688,bed79f68-db05-49f9-abe8-1489dd73297f
226,Bethany,J.,Taylor,11/09/2023,Tim Mint,777995967,9ee5a6b4-d8d4-41c2-a6c0-20a64ec77276
227,Hannah,James,Smith,07/02/2024,Individual Contributor,129012178,9d5e3cab-3e21-4aeb-8a23-ec5056f27233
228,Evelyn,T.,Davis,12/05/2020,Bond Liver,353183456,07f4cfce-d091-4580-83c6-df9d19d27e68
229,Frank,Marie,Smith,03/08/2019,Aaron Artsen,618470368,d7aba8ec-5630-45d7-a097-8382cbb94adb
230,Jake,J.,Johnson,01/21/2010,Gabe Michel,730844243,547dc63f-8054-4754-93fb-dfb304f09774
231,Chris,M.,Brown,10/18/2007,Bond Liver,673634785,8b7b3f0a-0f00-448b-9fbc-1e33b640b9a2
232,Frank,Elizabeth,Donald,07/13/2011,Individual Contributor,535137869,2a0e8964-ba20-4177-8bd0-bcd2e0234563
233,Hannah,E.,Davis,03/26/2015,Individual Contributor,759667804,33356437-cb0d-46df-8271-e1d3397b3852
234,Chris,James,Donald,07/22/2023,Aaron Artsen,647353526,93d5e93e-1a94-4b46-9bf6-5b6a91ebd81c
235,Irene,Marie,Johnson,04/14/2007,Aaron Artsen,464233041,ed88e6ab-473f-441d-bdf7-e09378e68e62
236,Irene,Thomas,Donald,12/04/2019,Aaron Artsen,892908720,ef7bfff4-409a-4365-9c55-ef80d66df920
237,Hannah,Marie,Johnson,07/03/2011,Bond Liver,530615502,4b30e58a-983f-4a95-8114-2e6fc0886c20
238,George,T.,White,06/09/2023,Individual Contributor,112006591,4ecaa7a4-7d97-4431-b77f-5b2333844783
239,Evelyn,T.,Johnson,09/16/2007,Individual Contributor,528098172,e848c8a3-bbc9-4ea8-b531-2c56edf5c056
240,Derek,James,Brown,02/26/2015,Bond Liver,169133085,ac059226-511d-42b8-b787-2d747f5cdd2f
241,Frank,T.,Johnson,07/01/2023,Bond Liver,783622051,fee887e9-4b1f-4ac6-a6f1-cd761ced7daf
242,Hannah,J.,Donald,05/30/2017,Individual Contributor,673485315,1663e720-3bde-4c9e-8799-08082a5a3892
243,Frank,Thomas,Davis,07/01/2023,Gabe Michel,715681194,c2b2de2a-851a-4242-a132-10fade1cc535
244,Chris,Elizabeth,Martin,12/13/2006,Tim Mint,482709334,83de20bf-bcce-4538-beb4-54fb5c32850b
245,Alan,E.,Martin,10/16/2015,Gabe Michel,551950711,28260314-9503-4945-89e3-039d817a282c
246,Alan,M.,Brown,11/18/2019,Gabe Michel,303218249,d2936bd0-6642-4b08-8203-54e2569e7d4b
247,Bethany,E.,Davis,01/11/2013,Gabe Michel,987736626,9d6eb4b9-d01b-4c15-aba7-f322436557f9
248,George,Elizabeth,Davis,02/25/2015,Tim Mint,248759074,e888e12c-1d6b-4c61-ab90-da1971800062
249,Hannah,J.,White,04/24/2022,Individual Contributor,642405648,be38d9de-375a-4d22-8439-4d83f8cba04f
250,Jake,Thomas,Davis,12/02/2023,Gabe Michel,572312905,6f580665-a7fb-4d13-b273-b7b1ee9a380b
251,Frank,Elizabeth,Brown,04/03/2007,Gabe Michel,992978821,c899cb77-533f-416b-b163-6fcbc1f74f54
252,Irene,Thomas,Donald,10/13/2011,Aaron Artsen,631601284,373560e9-2167-492a-bd0e-ddb83b4aae42
253,Irene,Thomas,Martin,07/04/2016,Aaron Artsen,734362170,83ca9ab1-8e37-405b-909c-384921dc9bf9
254,Bethany,E.,Davis,06/13/2020,Individual Contributor,583510407,c0bf86e3-df28-4f5f-a8b0-0c4fa7e27ade
255,Bethany,J.,Smith,05/08/2019,Bond Liver,351526259,0886d7fc-a547-4d4d-aabb-92382db860e6
256,Irene,Elizabeth,Taylor,03/31/2009,Tim Mint,419156794,e26e2a20-6dd2-482f-9bec-61a81bdc52ab
257,George,Elizabeth,White,10/28/2020,Gabe Michel,259123028,093fad47-9163-48f9-b02c-8b526ce600bb
258,Alan,M.,Martin,10/17/2008,Tim Mint,795841168,b2a44ab8-ac9b-4b76-8af1-ad05584febae
259,Evelyn,M.,Martin,12/02/2019,Gabe Michel,412993296,24a8531a-45ff-4ee0-a33a-57902bac8756
260,Chris,J.,Brown,08/01/2011,Bond Liver,344008444,df563bd5-5d28-46d8-b25a-265db9933f80
261,Bethany,M.,Taylor,08/07/2020,Gabe Michel,343585491,42a88c53-440f-427f-b872-47c4080e3447
262,Jake,Thomas,Martin,10/26/2015,Bond Liver,689425897,148c1f30-5053-4487-b9e0-a19f182113bb
263,Hannah,T.,Smith,04/24/2013,Bond Liver,177103194,a81febcf-19db-4e73-b0d6-0d37e31c2622
264,Irene,Elizabeth,Davis,02/16/2021,Aaron Artsen,547557499,fd597380-409a-4c29-8baf-5aacb31e3e58
265,Alan,Elizabeth,Taylor,10/21/2012,Aaron Artsen,616834741,3fbb0bbe-3bbf-47a1-ac79-55c06983418b
266,George,M.,Johnson,03/20/2024,Aaron Artsen,106823781,19f3562e-5101-4f79-b63c-253e96cf2013
267,Hannah,E.,Martin,03/15/2014,Bond Liver,803651213,2335e989-6583-41ec-94d5-3fce27306a09
268,Alan,Thomas,Smith,12/17/2016,Gabe Michel,125247847,e084e379-398f-4a71-a69e-d58e4c57d0eb
269,Evelyn,Thomas,Brown,12/21/2019,Gabe Michel,811448110,a41523c8-7f1f-4087-b61a-b4b4213a00a2
270,Jake,J.,Smith,05/27/2012,Gabe Michel,496257458,8a3bbbf7-4eb6-487c-8f8b-879f1c2eac8a
271,Evelyn,Marie,Johnson,11/02/2007,Tim Mint,714727223,36fb0734-417c-44a4-b8f1-76adeeeef9c8
272,Bethany,Thomas,Donald,02/10/2006,Bond Liver,529866143,bcf017eb-3179-412c-a523-63857d46fceb
273,Chris,Thomas,Smith,03/09/2011,Tim Mint,687441849,9e9795c8-87d3-4a52-a6ae-61af272c044c
274,Hannah,T.,Davis,04/25/2023,Gabe Michel,537281745,fc2ec6d2-dee6-4db8-b2e7-5e75ad568d2d
275,Jake,James,Taylor,02/06/2008,Individual Contributor,381375122,36a079b5-36a8-4be4-a258-a086d47e1af1
276,Hannah,T.,Martin,02/09/2005,Bond Liver,526556889,787a0229-b718-4509-a0bb-2257a0bbff4e
277,George,Thomas,Martin,12/03/2009,Tim Mint,613941402,cec69144-4b13-4ed5-abfa-f02e3f16357b
278,Chris,M.,Davis,06/04/2023,Bond Liver,967658186,0e6125a4-f4b4-4ab2-a787-8681b930b95f
279,Chris,Marie,Martin,07/22/2011,Aaron Artsen,990447166,768315f8-07a5-48a5-a6d7-f326f9d88efe
280,Irene,James,Taylor,12/09/2018,Individual Contributor,779620898,e2c4df97-f57b-4185-84ea-e4f77cb62a5a
281,Irene,J.,Johnson,03/08/2008,Bond Liver,764785791,a64b128a-8bec-45df-b96b-985befe77033
282,Evelyn,Elizabeth,Smith,11/19/2016,Tim Mint,795995881,6ab1e556-f951-498e-859e-5bdec8dc2805
283,Chris,E.,Johnson,06/16/2020,Gabe Michel,635012542,496cf59c-dc3e-45a1-b1b4-5fee3338c8cb
284,Chris,T.,White,07/29/2017,Gabe Michel,467255961,5a00222e-a1a3-4553-91c4-f42d86333eb0
285,Frank,James,Davis,08/08/2008,Bond Liver,538227731,d79fbccc-a0a0-478a-b216-35130f0a82bd
286,Evelyn,Elizabeth,White,10/24/2009,Aaron Artsen,783138828,dfb74c56-cc4d-4ab1-8566-b96681002a9c
287,George,J.,Johnson,11/08/2014,Individual Contributor,256698879,6180e9d7-7f67-48af-a731-92d322962e34
288,Derek,Elizabeth,Donald,04/18/2007,Aaron Artsen,460707546,bcf4908f-1c80-48a2-817a-f4cae5cfec47
289,Bethany,E.,Johnson,08/19/2015,Gabe Michel,594126810,41efc40e-6de2-41da-8e81-566d81dd2ce3
290,Bethany,T.,Brown,10/05/2018,Gabe Michel,644091717,c46458aa-aaf6-47a4-89c9-8befc2f38469
291,George,Marie,Davis,11/17/2014,Individual Contributor,904518488,09d0a2f5-c9c8-4b77-9893-8bf5cce659bc
292,Bethany,Thomas,Donald,11/25/2009,Tim Mint,455846706,86d54909-dac9-4ff0-bc31-2adb055aca62
293,Derek,M.,Davis,01/12/2019,Tim Mint,984401201,f5348d0c-40f8-47cf-b221-a03b7413bdd9
294,Hannah,T.,Johnson,01/18/2022,Individual Contributor,465682672,9eea7bed-7fc0-4c5e-a116-069ac0a88e91
295,Evelyn,Thomas,Donald,05/01/2009,Bond Liver,495130729,42009dda-5cb4-44ae-9f5c-746edafadfa8
296,Bethany,T.,Taylor,08/25/2016,Tim Mint,709980908,4e565488-e86f-4925-a60f-75671f2e344f
297,Chris,E.,Taylor,01/09/2009,Aaron Artsen,185763296,b9e80bd4-4693-4845-8918-17cc70fadede
298,Hannah,E.,Smith,08/26/2005,Aaron Artsen,934295405,39ced29f-6662-4460-a23b-8deb1f3e1d84
299,Bethany,Marie,Martin,09/21/2008,Gabe Michel,603911563,432e97fc-690d-4a77-b905-6bb5042f3ee4
300,Alan,E.,White,05/05/2019,Bond Liver,100843142,771d4677-b3e3-412b-8c73-1297139a5c2a
301,Jake,Elizabeth,White,10/29/2022,Gabe Michel,828408374,0eb7ae96-98bb-4aca-af55-2cc3b6c0d776
302,Evelyn,Marie,Taylor,06/13/2014,Gabe Michel,412915588,d5499eef-8342-4c37-a4be-3eb900c356d5
303,George,E.,Donald,08/31/2017,Aaron Artsen,449101478,2cac740b-a348-4ed3-8ef1-fd7f848816e4
304,Irene,James,Brown,09/22/2023,Tim Mint,197103042,9f410264-c6e1-429e-87c0-2fe2929ce51a
305,Bethany,T.,Taylor,03/05/2022,Aaron Artsen,157975327,5ab8151d-7680-4dc6-bd93-19bc8b71ad93
306,Irene,Elizabeth,Taylor,07/18/2023,Bond Liver,236825336,0f4ad36c-e01d-44ad-beb3-6e1858f14742
307,Hannah,E.,Smith,08/14/2013,Gabe Michel,209338151,5964efb0-3899-45c7-a831-38a1eefab8b2
308,Jake,James,Davis,05/06/2013,Individual Contributor,173004725,f77f0915-a702-474f-89cb-f0e60ec87e62
309,George,Elizabeth,White,12/23/2013,Bond Liver,680824109,e3b58609-b867-4450-8ff2-347f75dae396
310,Irene,James,Davis,03/24/2017,Bond Liver,795580562,9d042814-cc90-47f0-b8f4-c84d60b7896e
311,Derek,M.,Davis,09/07/2024,Aaron Artsen,370137734,215a404b-725c-4510-9e1a-04f426078866
312,Irene,Marie,Brown,01/10/2019,Gabe Michel,723441675,a255d9ac-1352-4de8-b7b7-1e2f4989238d
313,Chris,James,Brown,02/25/2012,Individual Contributor,609422398,ea8c6b62-fa47-420c-b1d1-9404a4fce23a
314,Frank,M.,Martin,12/10/2017,Gabe Michel,265825139,43d5e1da-1338-433d-8925-bfc4169d4e99
315,Alan,T.,Martin,10/23/2006,Gabe Michel,436866370,0d3e5362-3f2f-46de-8b7e-756797337cce
316,Jake,M.,Martin,12/21/2007,Gabe Michel,944157040,3868da2f-7512-45ef-b96f-181c493a0282
317,Derek,E.,Smith,06/22/2012,Aaron Artsen,133306499,94474060-4627-4bc3-bbce-811eb2e301a2
318,Hannah,Elizabeth,Smith,12/04/2018,Aaron Artsen,582623388,0f9f4773-5f0b-4c90-a23e-f011953bb139
319,Jake,Elizabeth,White,01/19/2005,Tim Mint,474714305,c1a573ae-d0ba-44bd-9470-059bae577ce4
320,George,M.,Smith,04/28/2006,Aaron Artsen,839570585,7389bab7-b902-4e92-8160-4e092f01dd1c
321,Alan,M.,Davis,12/08/2021,Tim Mint,474394367,5a9303c2-0d90-49e1-978f-632a90462402
322,Evelyn,Marie,Martin,12/06/2006,Bond Liver,285424398,bb829444-0bae-40aa-afdb-e2ce516088eb
323,Irene,Marie,Brown,01/22/2021,Individual Contributor,645456932,d897f35c-6ee2-46d6-8103-5cca8b739ad2
324,George,Thomas,Donald,03/20/2006,Gabe Michel,698692461,307f56b2-8d0e-4187-9812-dc1be4397ab3
325,Derek,Marie,White,04/16/2010,Bond Liver,196046925,b721bbd1-00bf-443f-82ff-bf96fd4b9b6c
326,Bethany,James,White,04/19/2011,Aaron Artsen,794997864,2e0d4357-d407-41ee-9fc1-cf46ab6bc7a9
327,Derek,T.,White,12/21/2013,Aaron Artsen,651627996,f1773073-2084-4d15-9833-514679b1b92a
328,Irene,M.,Davis,03/26/2007,Tim Mint,497652240,9598ec75-f898-4d34-8959-4b9d20812690
329,Bethany,M.,Davis,06/09/2012,Gabe Michel,163040531,b3f63d9a-bd66-4d20-89e5-e9f8d983a7ba
330,Evelyn,E.,Johnson,02/18/2010,Bond Liver,228846759,3c618ffb-dc3b-47aa-9dc9-1f418a935b04
331,Alan,E.,Smith,12/04/2006,Gabe Michel,853277554,566ae074-1997-4e83-8c20-3a7aff83e1b1
332,Derek,Elizabeth,Taylor,05/16/2005,Gabe Michel,455430692,600c30e1-4b53-461c-b6aa-199f49afdd0a
333,Alan,T.,Donald,07/29/2015,Gabe Michel,742200656,9f3924cb-b7b7-4256-972f-3a9aac5eb077
334,Hannah,James,Davis,08/14/2011,Gabe Michel,492866487,67156a07-81ca-4f64-99dd-b26bf8b5a98a
335,George,J.,Smith,02/11/2016,Aaron Artsen,803421022,e24a9d3a-5223-494f-8927-06fc11518ba2
336,Alan,E.,Taylor,10/02/2008,Aaron Artsen,752214448,24062ff3-b435-4cd4-847a-5adbd359c9f4
337,George,Marie,Martin,10/11/2014,Individual Contributor,579828190,ca29d15f-c674-4865-8dc8-edb9d00633e8
338,George,Elizabeth,Taylor,10/10/2007,Aaron Artsen,203954222,3402f8c2-3182-483c-b262-911023008f57
339,Alan,E.,Donald,02/22/2017,Gabe Michel,705779382,bdba5c3d-0f01-42b4-b6f6-d87fa891586f
340,Jake,Thomas,White,03/01/2009,Individual Contributor,505152067,5d083fa0-2be8-415b-a7b2-01de4769f4f6
341,Chris,E.,Martin,10/26/2015,Gabe Michel,466878795,cdf3d1d2-25e8-455a-90ce-c9ee683347d8
342,Derek,Thomas,Brown,10/11/2021,Gabe Michel,301047649,cf2b74ca-3908-4be7-bc94-56574ce60f8f
343,Bethany,E.,Donald,05/15/2015,Tim Mint,697204665,181c5e7d-37d0-4b06-8e8b-6622f3048765
344,Jake,James,White,02/09/2021,Bond Liver,655053748,699edb63-de71-492b-8721-eb9dab1ca98f
345,Irene,T.,Taylor,03/18/2010,Individual Contributor,897158554,a5b54882-b13e-49e9-8fe9-7e97eb3bf09a
346,Frank,Thomas,Taylor,10/10/2017,Gabe Michel,805758646,02dc62e0-bd17-43c3-963b-774c132053cd
347,Evelyn,Elizabeth,Smith,03/21/2009,Gabe Michel,595685373,26b0e9eb-d978-4d97-9967-e86908541a57
348,Evelyn,E.,Donald,02/15/2008,Gabe Michel,165782986,cb7e4e9a-ae74-4dbc-97af-32712f9da0c0
349,George,Thomas,Donald,04/30/2016,Aaron Artsen,900967239,e68dc135-8093-4296-bf7a-6cfc8db7e440
350,Frank,T.,Davis,04/08/2009,Bond Liver,486929509,54555a90-3980-4f1f-8358-af7a9ffc7bc9
351,Irene,James,Donald,12/25/2006,Bond Liver,148777570,2e6e4d9e-3274-4d25-8cfe-959babf6322b
352,Bethany,James,Smith,12/06/2007,Individual Contributor,404809716,f0188307-8e1c-477f-b32f-2ff568bcfe13
353,Chris,T.,Taylor,11/13/2008,Bond Liver,440876047,827befb9-1f04-4d9b-b02f-797ef6897242
354,Frank,Thomas,White,10/11/2007,Bond Liver,855711464,097e2d34-ab00-4355-ad3a-4c1a8f0ce890
355,Evelyn,M.,Johnson,02/07/2013,Aaron Artsen,990879746,e639bee7-7020-4e6d-b56c-f2023bf93de3
356,Chris,M.,Martin,01/14/2018,Individual Contributor,979317847,b5ec8d15-df14-4a72-be31-0189635627f1
357,Bethany,Elizabeth,Davis,02/19/2015,Gabe Michel,770930753,60c54e97-07dd-43e4-8839-f4e21de12e17
358,Irene,Elizabeth,Davis,04/19/2009,Gabe Michel,715492962,aad3e60c-ebd4-4660-912c-869e96e673b0
359,Derek,J.,Johnson,04/06/2009,Tim Mint,673969188,609b0d71-5649-43e0-905a-7bfefd7674e7
360,Derek,E.,Smith,10/06/2013,Gabe Michel,276695532,ff72a820-a52c-4b9b-841e-83cbd4e43b05
361,Hannah,James,White,08/05/2024,Individual Contributor,503702060,60fa0b91-7bef-45b2-8c37-fc9a9b2ac157
362,Alan,James,Taylor,05/28/2017,Aaron Artsen,419607503,a7bdff97-fdc1-4266-a67a-ad7d2c568193
363,George,J.,Johnson,10/14/2023,Gabe Michel,607555870,b202e0ac-495d-4383-a78c-f6cbc7fe00f1
364,Bethany,T.,Johnson,11/18/2013,Aaron Artsen,900555810,2d2e2a66-6b31-4595-9133-f55a0cb01b5f
365,Derek,Thomas,White,01/22/2012,Gabe Michel,644891892,658e6dd6-390b-43d0-a06c-11200a1cec1a
366,Hannah,T.,Johnson,07/07/2018,Gabe Michel,762868396,312d3a71-c025-4889-b84d-edd1788eab29
367,Evelyn,Elizabeth,Smith,10/27/2007,Individual Contributor,211211323,8d5ffc49-bfe3-43ae-874b-93c801348697
368,Evelyn,J.,Taylor,08/25/2008,Gabe Michel,506236687,69ac8be9-6de4-445a-b135-c864d0db7f16
369,Frank,J.,White,11/15/2016,Bond Liver,797955273,80150c4a-8f78-4baf-b7fa-11f3759126a2
370,George,M.,White,10/07/2017,Bond Liver,437614381,807b04d5-c28a-47f6-9646-f3fa37ca98f7
371,Bethany,M.,Smith,10/22/2018,Gabe Michel,582207281,80d565e6-64de-4739-8f64-afaa0db77738
372,Chris,James,White,08/16/2016,Gabe Michel,351349566,2c289a4b-75c8-424f-8234-b09c0d8ade06
373,Irene,Marie,White,02/05/2011,Tim Mint,160515747,7a689ecc-9ecd-4134-926c-693468f0d148
374,Alan,E.,Smith,05/16/2015,Tim Mint,989607014,c0b9464e-0a5d-46b5-8dcc-56d9eac23add
375,Hannah,T.,Martin,07/21/2011,Tim Mint,919069074,d13f7e48-33a8-4e31-a517-76aa175244de
376,Evelyn,J.,Brown,07/31/2014,Bond Liver,681775185,82b982d8-69b2-4f1b-abd3-586c1af38c1b
377,Chris,T.,Martin,12/04/2013,Aaron Artsen,985965770,6b9f67a1-1b75-4c41-8bec-cf8d0b254e2d
378,Derek,Elizabeth,Taylor,12/10/2020,Bond Liver,984338639,0080f73d-89bb-45f1-82bf-0a7fc716c701
379,George,E.,Taylor,06/15/2019,Bond Liver,203636377,f9b30bd0-0351-4f18-9d0e-151c2a150caa
380,Alan,Elizabeth,Smith,10/17/2014,Individual Contributor,759845867,512a2038-c1f0-4046-92a2-466cc12a923e
381,Bethany,J.,Smith,12/19/2014,Individual Contributor,229635339,a9f583b9-d632-4c76-9ddd-76c60efbb70b
382,George,Marie,Donald,05/13/2016,Individual Contributor,428389866,e857e8bd-829d-41f9-a71d-2bd3eaf2eefe
383,Jake,Thomas,Brown,07/18/2011,Gabe Michel,718088247,6813d8f0-5052-4da3-a779-ae46fa53f1fe
384,Irene,Thomas,Taylor,08/06/2009,Aaron Artsen,322333567,374a66f1-514b-419c-8617-9ecc9ca55d19
385,Derek,E.,Johnson,01/25/2021,Tim Mint,826511161,47fbf4a5-6118-41e8-8c1f-b80e9fb17ed7
386,Jake,E.,Brown,04/03/2012,Individual Contributor,485041106,775c3801-ac5f-4655-af9f-f7c47126a760
387,Alan,Marie,Martin,09/01/2018,Tim Mint,560845130,0d53e751-18aa-431d-b8fd-78bb2a29b03a
388,Hannah,E.,White,12/09/2006,Aaron Artsen,375244333,1933442c-e50b-475c-bb5b-54d87c743d00
389,Jake,Thomas,Davis,04/14/2011,Gabe Michel,215774708,9d77da16-1c13-4613-b2f8-f6985e5d6558
390,Chris,Thomas,Johnson,10/22/2017,Gabe Michel,531331939,e0745eba-54af-4374-9e0b-765ba87c2b25
391,Bethany,Thomas,Martin,08/25/2006,Individual Contributor,814409627,dccbd379-e2b2-4a07-8f14-4609bbf10082
392,Alan,E.,Taylor,05/04/2024,Gabe Michel,420805391,85e6a95d-3953-4aed-9d9c-210a087d23c0
393,George,Thomas,Donald,09/14/2013,Bond Liver,737425534,e2f47359-f5ec-4c66-b833-5ce9e5a8e5b7
394,Chris,J.,Martin,03/20/2007,Individual Contributor,321634037,c0e41246-8c0c-4547-8c50-7549584eab33
395,Hannah,E.,Donald,03/05/2019,Gabe Michel,233461175,ad96b54c-f097-4c7a-8b07-1237b29afd96
396,Bethany,E.,Smith,01/22/2013,Gabe Michel,138897680,141b150e-1b6f-4a4a-bb18-7e6d8582fa82
397,Derek,M.,White,05/24/2006,Aaron Artsen,707678691,dccdf992-675f-4dc3-981f-53fa96730519
398,Irene,Elizabeth,Johnson,05/23/2019,Gabe Michel,171633703,e6ff3f20-efee-45a6-8b54-1b628d4d9b5c
399,Chris,James,Donald,01/04/2005,Gabe Michel,820962789,3e93e7d1-8db2-43f7-b514-931820d105f1
400,Chris,Marie,Johnson,09/18/2015,Gabe Michel,204069177,0a22fa29-5aae-46a7-b9bb-7a271dc640e7
401,Derek,Elizabeth,Johnson,01/28/2023,Bond Liver,323420176,34e903de-29b5-4207-b072-3c42d7722ad6
402,George,J.,Donald,01/19/2022,Individual Contributor,835182233,6fc9d313-fcfe-44fd-85da-a11dcb3509cf
403,Hannah,Elizabeth,Donald,07/08/2022,Individual Contributor,544623199,a2eaabb4-15d7-4600-a282-7390c2b4d675
404,George,Thomas,Brown,08/06/2018,Individual Contributor,490725958,5bfaa194-19ea-40fa-b81b-6374fe2548ae
405,Bethany,T.,Smith,04/14/2012,Aaron Artsen,873756409,d9e51921-5aaf-4a8c-8ec9-7aa03f6f920d
406,Bethany,Marie,Smith,03/04/2022,Tim Mint,818115755,855f50f7-0f28-4d70-96ea-07c4e74d1f95
407,George,Marie,Martin,09/26/2018,Individual Contributor,803609822,c2fa8209-1b13-4305-9d3a-60870cf33df8
408,Jake,J.,Martin,01/02/2013,Bond Liver,964037063,64a67a5b-544c-4558-8bb3-2683c29dd85c
409,Alan,J.,Smith,05/06/2019,Gabe Michel,856268112,133598d0-d384-4ecd-b963-dc917693c162
410,Hannah,E.,Brown,05/13/2014,Tim Mint,487162102,c7a54c74-58d6-4793-9ff0-f17f9787550e
411,Alan,Marie,White,08/12/2024,Individual Contributor,487294463,e0ff1c08-b4fa-4b3a-bf0a-b5d6549f55c7
412,Hannah,Marie,Davis,06/07/2007,Gabe Michel,492701189,60713fa5-62a9-4c8a-bc48-8c3038531719
413,Irene,Marie,Johnson,07/03/2006,Aaron Artsen,586577714,81a340a2-fc25-4270-999b-ac78869b084a
414,Alan,M.,Donald,05/07/2011,Individual Contributor,598422669,a4daa8dc-fa64-469d-973e-1b25658ee239
415,Alan,T.,Donald,05/10/2015,Gabe Michel,411305773,b8f7d46e-5ff7-4701-a4b0-95e9ef6950f3
416,Alan,Marie,Donald,05/27/2018,Gabe Michel,750934126,710b14eb-11d8-4283-95c4-ae77aef413a9
417,Jake,James,Smith,03/18/2022,Individual Contributor,872789294,d7b8321f-cf25-4883-b452-1d592d76a5db
418,Derek,M.,Smith,03/03/2022,Bond Liver,815102003,b384e811-ba8e-42e5-9129-bfaf8a68fbc3
419,Irene,Elizabeth,Davis,12/20/2017,Aaron Artsen,383217703,7d42d5d2-6b13-408e-a0a8-b618e88cfc86
420,Derek,James,Donald,07/05/2009,Tim Mint,383574881,732ff016-e6c1-4156-83ac-b08c1fb53d45
421,Bethany,James,Brown,05/26/2015,Gabe Michel,619324197,9a4d5ae0-2a74-49a0-99bd-50bba5c01a70
422,Jake,Marie,Johnson,11/30/2024,Gabe Michel,849915212,4cbc62ef-9b10-4138-963f-94ab37fa45d9
423,Derek,Marie,Taylor,02/09/2010,Gabe Michel,307265218,90ce0432-fbe0-49c5-97cb-305a7f1bb3ed
424,George,Elizabeth,Taylor,04/17/2024,Gabe Michel,626665004,b573d79c-82b0-49af-91c8-feebce8f1392
425,Bethany,Marie,Smith,03/16/2022,Individual Contributor,919571614,89dcef1b-9435-4b9b-a016-5db300dc2415
426,Derek,T.,Davis,04/25/2023,Bond Liver,100808372,94fb7fd8-0459-4621-a754-160a3ba05913
427,Jake,J.,Martin,03/26/2020,Bond Liver,894216348,e1713282-4e9e-434c-bec6-7bc1046724d1
428,Frank,E.,Donald,01/20/2017,Aaron Artsen,853993608,ddb95e47-b34d-45e0-a79b-5c886134e63b
429,Irene,E.,Brown,11/15/2024,Bond Liver,587378110,9a1ce5af-e9ca-43cc-9f55-dca9ed97ed0b
430,Jake,Elizabeth,Davis,10/10/2007,Aaron Artsen,522061570,0c77aef7-efa1-4fac-8d6c-9e1e741fbddb
431,Derek,E.,Donald,08/21/2015,Aaron Artsen,724448198,8ad862a2-6acd-4870-8e78-0b37dd36c66f
432,Hannah,Thomas,Martin,12/07/2020,Tim Mint,561019052,95315bcb-6ae5-497d-8a55-2224181c6659
433,Evelyn,E.,Smith,11/04/2022,Gabe Michel,268077158,6ebabb41-a923-4c86-9e05-d81894859a64
434,Hannah,Marie,Brown,04/14/2024,Gabe Michel,784462226,52ed9192-84a6-4d3b-a556-a739fe94113e
435,Irene,J.,Davis,07/06/2015,Gabe Michel,377797382,3c5be77a-c50d-4948-9215-308bd24fc37c
436,Bethany,Elizabeth,Taylor,04/25/2023,Tim Mint,921205224,caf9b49a-aaa9-4c48-94f1-6a1c1a86739c
437,Derek,James,Donald,08/12/2020,Gabe Michel,115290361,a05f190f-a5c4-4d0f-ae89-f9a029bea297
438,Derek,Elizabeth,Johnson,02/15/2010,Bond Liver,417609223,ec5109b4-cba0-44fc-b89b-7caf0d5350cd
439,Derek,J.,Taylor,07/11/2018,Gabe Michel,491672604,4e60b8fb-4aba-4f64-a5e1-802dec7b2e43
440,Chris,Marie,Taylor,08/16/2006,Tim Mint,519470349,caf56b38-4dee-439a-8cd5-0a061e295ce4
441,Hannah,James,Brown,02/26/2005,Aaron Artsen,326019460,f3affe69-589c-4eeb-aa57-a3af7105079b
442,Irene,E.,Smith,04/25/2019,Tim Mint,717130390,aeddcb6d-691f-41d9-8f16-f0430b659611
443,Hannah,Thomas,Smith,03/06/2016,Individual Contributor,274008672,cec86698-7731-4a49-a3d9-573be2463dcc
444,Chris,Elizabeth,Davis,06/04/2018,Gabe Michel,956303879,0d6602c8-52ae-4161-b965-1968166c3fcf
445,Irene,T.,Donald,01/21/2015,Tim Mint,775248688,8ab289d5-100c-4dd8-822e-afbd14fc3fb4
446,Alan,T.,Johnson,03/30/2024,Bond Liver,400752756,9f0ff93c-e24f-4712-87ef-ce67b41e3dea
447,Bethany,T.,Donald,05/12/2019,Bond Liver,908499595,ec47e5d7-8e00-42b2-9922-f4d21181aae5
448,Hannah,Thomas,Brown,04/03/2008,Gabe Michel,357572510,ac40ef7f-6bc1-4551-ae15-8def3c7bd1a8
449,Alan,Marie,Brown,08/03/2021,Aaron Artsen,402532724,0e190a22-f654-4fed-9cec-cd00c59ee87b
450,Chris,T.,Donald,08/29/2009,Gabe Michel,286838052,0be3d588-04ba-4c3b-98a1-486ffd2b9c6e
451,Hannah,Thomas,Martin,11/11/2024,Gabe Michel,558618269,df837166-6fc6-4096-b577-6d7207dffb2b
452,Alan,E.,Johnson,05/22/2020,Individual Contributor,145884201,a71b2cef-389b-4622-b916-84858695cec6
453,Jake,J.,Brown,04/13/2008,Aaron Artsen,443512096,e533250f-4d83-4b02-ac93-f429b133f3cb
454,Chris,J.,Donald,02/26/2016,Aaron Artsen,197972063,194733df-4e56-492c-b6a1-abcdfc0063b0
455,Jake,Thomas,Johnson,09/23/2015,Bond Liver,976614881,fbaeca43-99e4-4dc4-b98d-c4bc6d77a057
456,Jake,M.,Johnson,06/01/2021,Bond Liver,765478000,8d4db7ee-ea25-4ba3-92f3-d902479e89a5
457,Evelyn,T.,Martin,03/26/2018,Tim Mint,316028534,56e70cb2-2d6e-4df1-bbaa-4153c98cc9d0
458,Hannah,M.,White,05/23/2011,Gabe Michel,665210077,0fe06b80-015a-498b-9041-76c7814c21de
459,Derek,T.,White,11/12/2021,Gabe Michel,125842529,2c1da024-c8bc-400e-b052-c244aadee94c
460,Frank,Elizabeth,Taylor,06/27/2015,Individual Contributor,265399236,aa8361e3-6cec-437f-955e-1faeeff42457
461,Evelyn,Thomas,Taylor,06/08/2011,Aaron Artsen,201060600,d813d95e-0031-48fd-9163-8c45b5ee024a
462,Frank,Elizabeth,Donald,10/26/2009,Bond Liver,503258689,cb03cb5e-d589-44db-bcb9-c636b5761bd5
463,Bethany,J.,Martin,02/20/2016,Gabe Michel,428951279,bb5aa45b-cfb0-4d43-8d62-853cc78fee25
464,George,Elizabeth,Smith,12/05/2009,Bond Liver,478111841,1263df9d-5639-4b60-a019-6d516f1de812
465,Evelyn,J.,Johnson,08/21/2006,Tim Mint,243177268,4820d924-c264-493c-af9c-76b7973de6d2
466,Bethany,T.,White,11/26/2023,Tim Mint,579859400,1188f826-fc55-4686-b074-e70964475ebb
467,Frank,James,Taylor,02/28/2019,Gabe Michel,254425092,98d43ad2-8fce-44ff-8f5b-72186ba13873
468,Alan,E.,Johnson,01/28/2007,Individual Contributor,608416916,8ecaec6f-94fd-460d-94fa-e44bbe590ddd
469,Irene,Elizabeth,Brown,12/04/2016,Individual Contributor,924228879,3b6b4087-af1f-4d2d-9dbd-49a687bef46c
470,Derek,T.,Martin,03/12/2014,Gabe Michel,629770078,303ec037-8c46-4057-9ab9-0c1c69216f6c
471,Hannah,M.,Brown,03/02/2015,Individual Contributor,397070419,0f9ea9d8-e58d-490a-a191-4a94995290ab
472,Jake,James,Taylor,03/06/2006,Aaron Artsen,967967336,03a1ebbc-7693-4e25-90c2-7a2481883340
473,Jake,James,Brown,10/10/2009,Aaron Artsen,811961166,21d961a3-ea8d-4642-8530-2db633d45ac9
474,Frank,Thomas,White,08/21/2013,Gabe Michel,772475504,30ad2104-9e19-42ed-b3e4-313fb507bf6b
475,Frank,T.,Taylor,04/15/2024,Bond Liver,372869225,8398a025-351e-4e57-8d7d-627184995011
476,George,Elizabeth,Taylor,01/09/2011,Individual Contributor,824559914,1c2cd168-202f-4537-bb53-67e078f9c882
477,Frank,James,Smith,01/03/2013,Gabe Michel,941552860,888951fb-90c7-49b2-bc35-4b9358e24535
478,Hannah,Elizabeth,Martin,01/20/2006,Gabe Michel,784223189,230c8f44-7201-4136-b483-ad2be8e6779b
479,Irene,J.,White,05/09/2024,Bond Liver,713008849,d90d7c36-d4ba-4e48-8fab-bc45902ca612
480,George,J.,Donald,04/27/2013,Individual Contributor,270189874,203e68f0-19c0-4261-8d6d-69d8ce0024f3
481,Derek,James,White,12/06/2018,Gabe Michel,308527831,dd9a75b9-7b35-4de2-a231-b114893a0ca3
482,Derek,Elizabeth,Davis,02/13/2022,Aaron Artsen,779908002,f83c9342-7e43-416a-aac1-626c7e048ee0
483,Hannah,Elizabeth,Taylor,08/31/2012,Individual Contributor,595082388,9c74bfd0-6442-411e-bd5c-84bc43644a54
484,Hannah,Elizabeth,Taylor,05/31/2022,Gabe Michel,190996306,9371d1c7-02a0-47a9-8a17-f7fe9e3f702a
485,Irene,Thomas,Donald,06/17/2022,Gabe Michel,374109183,c7f400be-f3b2-47c8-9ed8-d739a632c67e
486,Frank,Elizabeth,Brown,07/16/2022,Bond Liver,345997952,9a19bdc4-5047-4482-bb7d-9908a24f7585
487,Irene,Marie,Davis,08/29/2023,Tim Mint,614100953,c1574e8d-2623-4141-ae91-d100311383d4
488,Frank,Thomas,White,05/21/2024,Aaron Artsen,497707447,db4cbf17-b7b5-48d7-b3ad-88e26350a394
489,George,M.,Taylor,06/25/2007,Individual Contributor,608830907,145d7221-46e9-4722-ac6e-e321669125de
490,Bethany,E.,Martin,09/15/2017,Individual Contributor,503115326,5bc96df4-7bbc-445f-b03b-19db0f4c3024
491,Alan,Thomas,Donald,08/20/2007,Bond Liver,524880924,f1bdab55-72b3-45ff-8e5d-e7831c17ab50
492,Jake,Thomas,Johnson,08/21/2014,Bond Liver,125529248,01553c3a-1345-42a9-b72c-78d77166c3d1
493,Alan,M.,Johnson,01/13/2024,Tim Mint,252029700,53bc5e33-1596-4b07-ab9b-3e7f662c39ac
494,Alan,E.,Smith,05/26/2006,Gabe Michel,678650144,f2c116f0-3f33-4b07-bd9b-e2b1791119fe
495,Alan,Marie,White,09/30/2018,Gabe Michel,135255221,01e82a76-fd4f-413a-a2e1-d8db08366fa5
496,Jake,M.,Donald,03/08/2009,Bond Liver,559569577,e3d5207f-973f-454a-adce-773df9e9367c
497,Alan,M.,Martin,07/25/2011,Gabe Michel,588675287,50e7a32d-9f9f-46db-b4fb-29fe4129ad0f
498,Evelyn,M.,Taylor,10/03/2012,Tim Mint,143451202,5bc89fe4-4089-407b-9bea-4b7970ba362f
499,George,Marie,Johnson,11/25/2012,Aaron Artsen,801598379,e32a1d71-23b3-4423-ac90-de2e5e2e6cb0
500,Chris,Elizabeth,Davis,09/16/2013,Aaron Artsen,956843125,1126785d-0b2b-49ea-8dc6-1245dc95fa21
501,George,Elizabeth,Taylor,12/13/2021,Gabe Michel,478545092,bf5196d3-051c-41e1-844c-49e1cf7d9255
502,George,J.,White,05/16/2021,Aaron Artsen,207972015,57237c9d-edfc-4701-8f54-e200de9223ba
503,Bethany,E.,Johnson,05/12/2021,Bond Liver,883019004,570e6355-7c3d-4fd8-bd64-2776b283eb59
504,Alan,Thomas,Martin,12/05/2021,Gabe Michel,129630960,c2aa224b-4afc-47e4-a9ef-50b2d6768e0a
505,Alan,J.,Taylor,09/17/2021,Tim Mint,900142059,02bb85d9-ae4d-49eb-90e9-474051016ad9
506,Bethany,J.,Donald,05/09/2005,Tim Mint,100657819,ee0b8ec8-26f9-4f47-9c96-bdebdfc19674
507,Jake,E.,Donald,02/23/2017,Aaron Artsen,310524508,9821ae98-3de7-4947-be78-de3e231c91bd
508,George,Thomas,Martin,02/06/2012,Aaron Artsen,717376347,6741bab2-9f29-4c6a-85ed-560efea22c84
509,Irene,Thomas,Davis,08/29/2021,Individual Contributor,163844271,7342b667-302b-4dc4-af3b-d609b013d817
510,Jake,J.,Johnson,06/27/2021,Gabe Michel,793152245,3eb956f1-f8f2-4c45-9468-4b637028b7f5
511,Alan,J.,Brown,08/14/2017,Individual Contributor,550893902,ada40f1a-3ff6-4b34-9ab0-71e2b1368465
512,Jake,E.,White,06/05/2006,Gabe Michel,957598156,c6671685-a858-4a34-8f8f-e94c3d27f0bf
513,Frank,E.,Davis,10/20/2010,Individual Contributor,212350717,18176507-a340-4740-b009-5d21a14c0520
514,Hannah,T.,Davis,09/30/2018,Aaron Artsen,546218278,bf09b441-d2d7-4213-bf86-54c83cacfa25
515,Bethany,Marie,Brown,11/10/2007,Gabe Michel,857644000,fbe43529-2124-460f-95aa-144b44f26c0a
516,Irene,Thomas,Martin,03/11/2011,Tim Mint,537241115,b835903f-5c36-4cb1-b930-d2d276551e6d
517,Derek,Elizabeth,Brown,03/24/2013,Gabe Michel,408908469,7796cc42-4ae6-47de-8cbd-a8e49877f30e
518,Jake,T.,Davis,01/10/2012,Gabe Michel,193929375,acec71d7-80d3-4a4c-8b5f-3d817b768377
519,Bethany,Thomas,Brown,11/11/2016,Bond Liver,815307176,d95c9baa-fb7e-435a-a232-49d18afaac1b
520,Jake,Thomas,Martin,10/18/2008,Bond Liver,197255666,df7710a2-b083-49ed-9445-d1f342b73929
521,Frank,T.,Brown,03/11/2017,Gabe Michel,151710539,86549323-0e1e-4bb6-9413-d93dd0d42db4
522,Derek,Marie,Donald,10/06/2008,Aaron Artsen,146837710,f458d9c7-0079-4572-b5dd-786df14c48bb
523,Evelyn,Marie,Taylor,10/15/2014,Bond Liver,249035204,8d18e769-80c9-414e-9b7d-370bbb93618a
524,Chris,M.,Smith,08/17/2010,Gabe Michel,886143693,fddcfdb4-7e1c-4958-a98a-a56555aa422f
525,Hannah,Marie,White,12/16/2012,Gabe Michel,295078665,35593eb7-51d4-4d0d-bbdb-76a703183951
526,Bethany,M.,Johnson,12/19/2008,Bond Liver,685790316,2fe3137b-eda8-4f17-8ad0-b46740511932
527,George,Marie,Johnson,01/15/2023,Gabe Michel,613667677,47acb83b-e781-43d9-bd12-1237781ab40b
528,Alan,James,White,09/15/2014,Gabe Michel,184194209,2975443a-06dd-4f42-b596-39a28b82b1d5
529,Bethany,E.,Taylor,01/15/2019,Individual Contributor,874921164,2a702ac9-5fc1-432c-8316-257deabfb3b2
530,Jake,Thomas,Johnson,02/21/2010,Bond Liver,101285466,33770839-f98f-4370-8a00-d5b33c57b10e
531,Chris,Marie,Johnson,11/11/2013,Aaron Artsen,512558566,f21a33cd-9fc7-41ab-90be-b822459e1251
532,Irene,J.,White,07/10/2022,Gabe Michel,216637054,e84d93cf-cebe-44b6-ade2-bbab33f00f94
533,Jake,James,Davis,08/30/2013,Bond Liver,670181922,d49f302b-95fd-4250-9ce5-31d5fe60b3a4
534,Frank,James,Johnson,04/01/2013,Individual Contributor,880311407,08e1806e-0c52-4a97-a5ea-0a6535a9fa66
535,Bethany,Thomas,Johnson,05/10/2014,Gabe Michel,546106974,357086b7-c76a-4fcb-b3b2-3bab66aa1c11
536,George,J.,Johnson,05/11/2023,Gabe Michel,577553405,09191344-e88d-4b06-8307-dcbe1b19e7db
537,Jake,Elizabeth,White,12/02/2007,Bond Liver,818839408,ed273636-e8f0-45d0-a40d-3be472645542
538,Bethany,M.,Johnson,02/27/2007,Gabe Michel,441433111,77217e8a-d3bd-44c6-a9bf-d040e7a44b17
539,Evelyn,J.,Davis,05/21/2018,Gabe Michel,610904911,54f0c50c-0611-4f6d-ba2d-5477fd82fa6d
540,Jake,M.,Brown,05/31/2014,Gabe Michel,195201078,1ecf620f-b9fd-4117-b97d-7e8536fe6484
541,Frank,James,Brown,08/30/2009,Individual Contributor,560433519,b039deaa-ad86-429c-8196-db342814d62c
542,Derek,E.,Donald,07/27/2010,Gabe Michel,929343112,56eb72c3-ab14-443e-aca4-afc80261e5b2
543,George,Marie,Davis,01/28/2015,Gabe Michel,583982794,a5513647-acf6-4b7e-b8c1-6449de75a886
544,George,E.,Taylor,02/01/2021,Aaron Artsen,413285776,f054a7bc-a3bb-4055-a0c3-607f3491b63d
545,Alan,M.,White,07/01/2024,Bond Liver,600291907,c5abe01b-bd94-4875-bf6b-3a80d457e6b5
546,Derek,James,White,06/16/2016,Gabe Michel,296213468,965670b0-4e38-4d77-8402-1b6f0b92f2c7
547,Frank,James,Taylor,01/01/2010,Gabe Michel,470318960,98ad6c92-811c-4703-bb77-bbbc46535c69
548,Alan,James,Smith,11/28/2021,Aaron Artsen,598594133,e1e6018d-dfdf-40d4-96a5-186eca4c230e
549,Alan,M.,Johnson,06/06/2014,Gabe Michel,314213806,8601ed20-bdd4-47ff-80cf-236f559a12ac
550,Chris,J.,Davis,04/19/2019,Individual Contributor,923358007,58458703-accd-4df7-a1eb-97c8cc898e6f
551,Chris,M.,Brown,10/09/2022,Tim Mint,593108030,e56534d0-6135-45dd-b6a6-d790fa5d7957
552,Irene,Marie,Johnson,05/20/2010,Gabe Michel,265273619,4b968ced-ab7d-41e3-9dbb-b4053f99283e
553,Irene,E.,Johnson,06/05/2005,Gabe Michel,881855417,6bbfb644-f382-4c3e-80da-d4967706fee3
554,Bethany,Thomas,Davis,11/07/2017,Gabe Michel,447109166,6ea8677c-5b85-48c9-a47d-45a871bc92b8
555,Hannah,E.,Martin,12/05/2009,Gabe Michel,603960383,e4fffde6-8905-44a6-b632-4ed48d47ecb0
556,Alan,James,Johnson,12/22/2017,Tim Mint,575150212,4ccc31fe-5d8c-47f0-ba68-fdcb040a379c
557,Frank,E.,Taylor,01/17/2018,Aaron Artsen,716260186,feb7003d-4356-4202-9808-dfc155762ce5
558,Irene,M.,Smith,03/29/2011,Individual Contributor,902346890,5d4e6eea-5913-4b89-bb6d-5ea6d94d1cde
559,Hannah,Elizabeth,Davis,07/30/2020,Tim Mint,533622596,788564a2-6108-4a19-9cf5-ea8f032c37b7
560,Derek,James,Donald,09/07/2018,Individual Contributor,984501722,817923ca-40cb-43b8-9103-a6617b1fdc31
561,Evelyn,Thomas,Martin,10/17/2019,Individual Contributor,410215952,f5873306-dcf0-4d80-9fc4-608e7e7fa524
562,Derek,Marie,Donald,02/24/2024,Gabe Michel,255983493,97145d16-da91-44aa-b4a2-32e0ef1e3cd0
563,Jake,Elizabeth,Johnson,08/17/2017,Bond Liver,775617654,eace79c3-d53e-47f7-b9ea-2143c11057a2
564,Frank,Marie,Brown,08/20/2006,Individual Contributor,313783683,bcc26e4c-f283-45a7-ae75-179ef56452f2
565,Alan,J.,White,11/03/2022,Gabe Michel,437475726,973f0e24-7a46-438a-bcf5-267bfad7ab0a
566,George,J.,Taylor,11/29/2008,Bond Liver,452149914,c6d109fe-f494-4dcd-9369-7f5fcf69da72
567,Irene,J.,Taylor,04/22/2011,Bond Liver,186747032,c40f3da1-88b3-467c-8f4f-a98cbc599ccd
568,Alan,Thomas,White,01/23/2017,Aaron Artsen,830889511,74cf5a37-f860-4e83-b12f-37ddc30c1141
569,Derek,E.,Martin,04/07/2010,Bond Liver,324596106,969c0c82-fcdc-4f26-bf2e-0c77c41af5b1
570,Hannah,Elizabeth,Donald,04/20/2019,Gabe Michel,969691250,6657b2d7-649d-4892-9239-9cef7e371a49
571,George,Elizabeth,Brown,02/14/2005,Bond Liver,701004491,dd38d89c-660d-4e77-9e49-69a278afcc98
572,Chris,Thomas,Brown,06/18/2007,Individual Contributor,251332566,4744a70b-ddbb-425a-9fbb-a442cc642625
573,Hannah,Thomas,White,02/16/2018,Gabe Michel,327451502,352c29ec-1188-4738-93ae-90832f545639
574,Jake,Thomas,Johnson,04/25/2008,Gabe Michel,383612220,6be30f43-7c69-42d5-95fe-aff2652bd85e
575,Hannah,Thomas,White,08/08/2016,Aaron Artsen,331799153,3a941ab4-21f6-4088-a575-c4909ddb1dda
576,George,Elizabeth,Johnson,11/08/2016,Bond Liver,583523461,3d430fd7-b505-43a8-b7c7-507e7d130450
577,Frank,Elizabeth,Davis,06/22/2014,Gabe Michel,229242026,5de46ee2-4d09-4b8d-ba35-58509d5afbad
578,Jake,Thomas,Taylor,01/25/2006,Tim Mint,336674021,15db4af0-66cf-4701-9224-d8bd1d9c18b1
579,Derek,M.,Brown,05/24/2007,Gabe Michel,455686469,ef5c1c16-8be7-4b1b-a15c-e9ced18f15b8
580,Derek,T.,Davis,07/23/2009,Bond Liver,637906175,ff2a3db2-5bed-4fee-bc4a-a00e868f8e84
581,Irene,E.,Martin,02/24/2014,Individual Contributor,903899610,7ff51d70-ef2c-4ea8-bae1-d95422d67032
582,Irene,T.,Taylor,03/18/2012,Bond Liver,675527504,9ecb22cb-5425-4371-ae8e-1b416087ca52
583,Evelyn,James,Smith,12/22/2017,Tim Mint,844450267,38f88548-2f58-45fe-abe7-9b9ba53d1405
584,Evelyn,Marie,Smith,09/10/2019,Tim Mint,765138019,106fccf0-8c9c-4d1e-8cb5-61b9a3a660b7
585,Irene,James,Smith,08/11/2005,Tim Mint,835432857,bff42e50-3bd1-4e00-a3d6-68871b745d4e
586,Bethany,M.,Martin,02/19/2008,Gabe Michel,150614535,a9bdc699-33df-47e1-952a-25f9416c180a
587,Irene,Marie,White,04/24/2006,Bond Liver,726726174,6a95ec18-94ed-49ae-98e4-f89f5eee3bd9
588,Bethany,T.,Taylor,12/23/2021,Gabe Michel,473856214,d358677b-f8f8-405e-b472-4f8fd2ab2e56
589,Derek,T.,Johnson,08/26/2010,Bond Liver,473540168,3b16e6e4-e67f-4f74-9d58-efa3f255cb22
590,Jake,J.,Donald,11/01/2019,Tim Mint,102891837,4bbae217-6501-49c3-a575-e62d691d02e7
591,George,James,Smith,03/12/2022,Tim Mint,114641502,6d82f96b-7fe6-432c-b473-c982c5caa17c
592,Jake,Elizabeth,White,10/24/2018,Gabe Michel,828479252,69403572-bae3-465c-b31a-639ee5f70a2b
593,Irene,Marie,Smith,07/25/2019,Tim Mint,632932435,bf1405d3-1b59-4c06-854d-44e065ddb2a6
594,Hannah,T.,White,08/18/2021,Bond Liver,594750067,cc274366-3d75-4c5b-a693-a4f6693de742
595,Bethany,Elizabeth,Brown,03/20/2016,Bond Liver,358164432,47e82b6a-99c9-46ee-abf5-46d3ac87b53e
596,Irene,M.,Taylor,04/30/2015,Aaron Artsen,455693864,debd482e-2844-4054-ba1f-67f9d11e0ba3
597,Jake,James,Taylor,11/04/2017,Gabe Michel,779722197,9e724fa4-502f-454f-8178-46d1c3493309
598,Frank,Thomas,Donald,03/20/2022,Gabe Michel,158480985,f72e5ce1-7bda-48bb-b4e1-96a3dc0ea8f2
599,Chris,Elizabeth,Martin,12/24/2022,Gabe Michel,686511648,25a591c0-73b1-4c20-bb68-1bfadd1c273b
600,Chris,Thomas,Donald,03/22/2010,Bond Liver,940269104,757ba846-f334-48f8-a040-d6709b140551
601,Derek,M.,Johnson,05/09/2017,Aaron Artsen,389210371,ff315df6-26df-4ec5-a885-5ce7d6bef368
602,Bethany,M.,Martin,08/18/2013,Tim Mint,430171340,d9dff9e0-7a24-4e0e-b3fb-c626564489a6
603,George,James,Donald,09/21/2013,Bond Liver,562601444,186b9f8f-c2a6-468f-ad9b-8bb49e990482
604,Derek,M.,Martin,03/04/2013,Gabe Michel,883392452,4bc64be3-3fda-4aca-8904-19e5ee198325
605,Derek,Thomas,Martin,11/09/2022,Gabe Michel,426533980,d6ec5afe-5e32-4308-8378-434ab0ac61ae
606,Jake,J.,Martin,07/09/2022,Gabe Michel,436898179,1d16e6e5-6678-498d-9984-10c060ebb548
607,Alan,M.,Davis,05/31/2022,Gabe Michel,348692110,511357d1-e15e-4baa-8992-2f60551669e8
608,Evelyn,J.,Brown,06/21/2015,Tim Mint,320660473,cfc0a8cd-6ade-41d8-9ba5-d7d509b79e0f
609,Irene,Marie,Johnson,07/26/2011,Aaron Artsen,609951324,fdf21411-aded-4cfc-a87c-0e3d7160eb88
610,Irene,J.,White,04/25/2022,Tim Mint,640208317,8958d626-bd12-4c14-b912-47a2c4c576de
611,George,James,Brown,12/07/2022,Gabe Michel,128619101,b165944a-26ad-4083-8865-01dff9ee8a5c
612,Alan,Elizabeth,Brown,07/05/2015,Individual Contributor,678326163,530eb378-8a06-499c-8e9d-0cdd3d23f18b
613,Bethany,Elizabeth,Smith,04/16/2006,Tim Mint,412709563,23ea5c65-f7fa-46e1-86c0-d73d97342a19
614,Jake,J.,Taylor,05/02/2014,Aaron Artsen,398102371,af7cdd22-f6e6-4122-a692-3bccc22d3887
615,Jake,M.,Davis,11/04/2006,Bond Liver,285251071,acf2f7cc-f85e-4a74-acd3-d38c682dfc60
616,Frank,J.,Martin,07/19/2015,Tim Mint,782650049,9f1d4172-a5b9-4181-9ca2-07b9465ec53a
617,Jake,James,Brown,05/06/2005,Tim Mint,872275596,c0549276-0c6d-4f51-b22f-c642111391c1
618,Alan,M.,Brown,01/28/2005,Bond Liver,624274931,3b71c5d1-2f99-4d48-881c-8be530ed5a5b
619,Chris,T.,Taylor,05/10/2024,Gabe Michel,334799024,9fcd89e7-1258-4e76-a4a4-4f446ae631d5
620,Chris,M.,Johnson,08/25/2009,Gabe Michel,120613449,f5ca6ff4-92de-414f-8c52-92728152c870
621,Derek,Elizabeth,Johnson,04/08/2021,Gabe Michel,752856434,98c0e034-b90c-4558-9de7-d414296d014b
622,Chris,J.,Smith,05/01/2021,Bond Liver,166457372,4e73e76c-7680-49b0-9f31-86de224bc17d
623,Irene,James,Davis,10/19/2018,Aaron Artsen,169224464,111062f4-fd78-48d1-88ea-553b33570022
624,Jake,James,White,11/23/2023,Bond Liver,298931446,657621db-c9da-4f0f-96df-6da1f122394b
625,Hannah,James,White,08/03/2014,Gabe Michel,344926190,611ff385-bb9c-4083-b86d-17e22c149fd4
626,Hannah,T.,White,12/06/2011,Tim Mint,638344857,f99e5a32-9df6-4e91-a043-1468940c9527
627,Evelyn,T.,Davis,10/29/2006,Individual Contributor,226929474,7054b709-71ac-496e-a5cb-631f13cb974a
628,George,T.,White,05/10/2020,Aaron Artsen,604564829,ea5b0953-1b58-43ab-a20d-67fa440ff87d
629,Irene,Marie,Davis,09/04/2008,Aaron Artsen,456503610,f3f30284-cd45-437e-868d-c3bf5a7cde8a
630,Derek,J.,Johnson,11/30/2018,Tim Mint,487972354,c41bc9d4-1a81-4692-b5ea-1582bb2dfd7d
631,Derek,T.,Martin,10/13/2016,Aaron Artsen,377749827,a3ebdf16-f1a4-474a-aeea-a69ada238e2a
632,Alan,Marie,White,06/04/2011,Bond Liver,785900164,e69f5be5-0596-4070-b000-3bbaeed6e55d
633,Chris,J.,Smith,11/13/2015,Gabe Michel,537481752,16bfcf71-e453-42c6-be78-5b64c1143d17
634,Evelyn,J.,White,05/10/2015,Gabe Michel,436607849,3c3d06fc-3f7d-4cf1-b43a-61d90aff2c6c
635,Irene,M.,Smith,02/24/2024,Tim Mint,449299084,1b5d7126-9e69-4beb-a59f-0c9d2b441e1b
636,Chris,Thomas,Donald,07/22/2015,Gabe Michel,954369905,cc9d608b-0b62-4c2f-afec-5eb6643d8de0
637,Derek,Thomas,Martin,09/03/2017,Aaron Artsen,783516014,e0ab4d9f-a972-4ff1-a02d-504614b2a253
638,George,E.,Johnson,06/25/2015,Individual Contributor,109800310,d5fbd966-5415-46c7-9bd4-9a74a49498bf
639,Irene,M.,Brown,12/24/2015,Bond Liver,846973874,f88dbf98-7345-47f1-b71b-d4ab33aa99d8
640,Irene,Elizabeth,Smith,02/10/2009,Gabe Michel,769659273,b7e3d551-881c-440f-b1d6-c3b805e13569
641,Evelyn,E.,Donald,12/07/2013,Gabe Michel,168329854,fdb0dc58-9592-4120-9783-88dee68b7933
642,Hannah,T.,Taylor,07/17/2024,Individual Contributor,368302021,e050128c-c5bf-4697-9abd-0c6029b46423
643,Frank,E.,Taylor,03/07/2009,Tim Mint,445699741,7e20e060-f504-4538-9f1c-1fe70301b1ae
644,George,Thomas,Martin,08/17/2017,Bond Liver,768014788,df904e97-132c-4676-bc97-2d1519e4f2c6
645,Frank,Elizabeth,Johnson,02/07/2022,Tim Mint,446548684,937f3836-9210-454f-82b0-1c7793c60b20
646,George,M.,Johnson,04/21/2024,Gabe Michel,654726202,edda698b-39fa-4852-af52-7f6fa672abfb
647,Frank,James,Brown,10/22/2016,Tim Mint,209977986,85078600-69f6-473f-b68c-0c33ad35a0c4
648,Evelyn,E.,Johnson,11/29/2021,Bond Liver,327916007,a46374b2-69cd-4b61-a8c6-da92faafa118
649,Derek,J.,Donald,08/23/2013,Tim Mint,324492995,2a8736d0-219d-4185-b0de-75ca67192496
650,Chris,Thomas,Davis,04/26/2022,Tim Mint,693935532,9eccc918-ae77-49ed-a286-1bd8081b54f2
651,George,James,Johnson,08/17/2005,Gabe Michel,305009149,fb3c6907-aa5d-4812-8496-3367aa1ca242
652,Irene,Elizabeth,Martin,04/15/2022,Aaron Artsen,961140544,42d1f6ab-24b4-4d25-b495-bf52d34cc4dd
653,Jake,Elizabeth,Donald,03/19/2008,Bond Liver,408116803,d3e4f099-d18d-43c3-9532-ad9a3af0e883
654,Bethany,J.,Smith,06/12/2020,Gabe Michel,296468884,885555e5-1536-443f-8c7c-8706cddbbb1e
655,Frank,E.,Smith,05/26/2006,Gabe Michel,457550919,c8ce7a75-d961-4365-ae51-310dd4098b81
656,Hannah,E.,Donald,11/04/2024,Individual Contributor,606105048,80ebc811-6ae4-4665-a087-c69a3b5efc8b
657,Irene,T.,White,06/16/2005,Individual Contributor,329036316,47d1abca-55fe-458e-b2e5-729c731cafb2
658,Irene,James,Donald,09/06/2005,Gabe Michel,875556674,bd37a941-d3e0-422f-a930-2fd824fa51e6
659,Chris,M.,Johnson,05/26/2019,Gabe Michel,307263245,5aacae9d-5494-4bc3-925a-6456e6ed04bb
660,George,J.,Johnson,12/29/2004,Gabe Michel,637155863,d4269f9e-18a2-4c3b-bbca-85634ad4cc50
661,Derek,M.,Taylor,04/20/2024,Gabe Michel,198514806,3612dd4f-3f00-44ad-82c2-cc0e9202c422
662,Chris,J.,Taylor,06/04/2019,Tim Mint,931284964,39de741e-f068-4056-ba33-11362828dcfa
663,Evelyn,Elizabeth,Brown,07/04/2014,Tim Mint,732192936,786a7b05-867d-4e0f-993a-ad800b541f58
664,Irene,Elizabeth,Johnson,05/25/2007,Tim Mint,315973169,a1f1aa7d-08c2-43ac-b051-eeccceed4c74
665,Jake,Elizabeth,Smith,08/11/2011,Gabe Michel,917497526,45ffbe3e-b1fe-4e22-9b97-8d87b82c64b9
666,Evelyn,E.,Johnson,11/27/2014,Gabe Michel,561064378,a12617c2-85a9-4135-8295-e83fc2e0a786
667,Alan,Elizabeth,Taylor,01/23/2017,Gabe Michel,473100373,d8de1977-8696-4702-8141-6d2fcd8948d3
668,Irene,James,Martin,04/16/2014,Bond Liver,391295192,5c5985cb-f4bc-437f-82f0-e025142f5b7a
669,George,E.,Davis,11/15/2017,Gabe Michel,772385814,3f8962a8-7ddc-4f98-94c3-c76b1907884e
670,George,Marie,Smith,12/28/2013,Aaron Artsen,288022945,1254ef05-79d8-43c8-919a-2704282eaef1
671,George,James,Donald,06/07/2015,Individual Contributor,465897945,1da78f40-b02f-4045-9131-5a913da3c3d7
672,Hannah,Thomas,Brown,06/09/2023,Bond Liver,112927079,43a7531f-632e-40c3-8230-eab9c8287c4b
673,Evelyn,J.,White,03/18/2009,Individual Contributor,607199326,262047da-0744-4966-87ec-b57292f92938
674,Hannah,J.,Johnson,08/23/2012,Bond Liver,954539809,dfab88e3-c8d8-448d-a1ac-5888fad0168c
675,Jake,Thomas,White,12/05/2009,Individual Contributor,478550385,132bf12c-43e6-4b04-95e2-b22b94f22496
676,Hannah,E.,White,03/18/2005,Bond Liver,660308758,3c994270-b423-49b5-a2d5-a1d0a71cc2a7
677,Bethany,Thomas,White,12/19/2020,Individual Contributor,168046343,0110a0cd-ed44-4658-af6d-9fe3ed2ecaf0
678,Alan,Elizabeth,Taylor,12/17/2005,Individual Contributor,688676093,83838011-be03-40e2-b345-68e4464de436
679,George,James,Brown,12/21/2010,Aaron Artsen,366939730,a31e0fce-2f41-49fa-bbf9-76f93a92e014
680,Hannah,Marie,Smith,06/30/2014,Individual Contributor,451115981,14adc1ab-8f9c-423e-bf60-a12af59dfcb7
681,Jake,E.,Martin,08/22/2007,Aaron Artsen,565038172,e6abdea5-2b30-4cca-8ecd-66f3a85a2410
682,Frank,James,Martin,01/19/2023,Gabe Michel,675996084,8cd3863e-57c1-4377-b1f7-364455b6fd16
683,Jake,M.,Davis,03/28/2024,Aaron Artsen,397280095,f4cf683d-6661-47c0-b521-2d5c15b7ea36
684,Derek,James,Johnson,08/04/2009,Tim Mint,790130760,3fa4b7e3-fd12-4b8e-9516-5b3b334f2c4b
685,Derek,T.,White,07/08/2013,Gabe Michel,197097458,894f85de-972f-4eb5-bed7-efff0800530d
686,Derek,M.,Taylor,05/30/2009,Individual Contributor,158258210,82ef5317-af41-4c75-8914-dc84522c1151
687,Chris,Marie,White,03/07/2020,Aaron Artsen,572121435,beeaf5fa-fcbb-438c-b003-6f8fa3e739db
688,Bethany,James,White,03/08/2016,Aaron Artsen,917296583,6a2e577e-3611-4903-9150-76def8d8c9ad
689,Jake,M.,Davis,10/14/2018,Gabe Michel,742742038,9dbcd5e5-c081-4aa8-a731-1df206f50fae
690,Chris,E.,Davis,04/29/2020,Individual Contributor,249064852,52776e7a-295e-447c-81e9-4450e939e649
691,Derek,M.,Martin,03/10/2017,Bond Liver,649624211,340e7c2c-01f8-45dc-b773-e5530f413d08
692,Bethany,T.,Brown,09/17/2016,Gabe Michel,798704367,423d883f-8f7a-4f5d-b255-d72d1777f985
693,Evelyn,Thomas,Johnson,02/22/2022,Gabe Michel,619279679,aaa4016a-0aa4-4ec8-827d-cbc23f528969
694,Frank,E.,Johnson,10/02/2008,Individual Contributor,421132230,c6a47d49-9544-4d31-acc8-957a8ab550a1
695,Jake,Elizabeth,Johnson,10/01/2019,Gabe Michel,196698753,4bd50c48-f3ac-4617-bcec-878f1c58a574
696,Irene,Elizabeth,Johnson,08/28/2005,Individual Contributor,785824235,babcef10-ea78-4d76-9cae-2c40d1fc0351
697,Chris,Marie,Martin,12/06/2018,Individual Contributor,489559658,1391e6a5-67cb-4b50-99a7-9fe410b7b9f2
698,Alan,E.,Davis,09/16/2022,Tim Mint,167327882,45ff5f6c-98d9-4464-a5f4-0f9cf831942e
699,Irene,Elizabeth,Donald,06/20/2015,Tim Mint,725446712,b7ae09b4-79e2-451d-8045-f4cfbb2a298a
700,George,Marie,Johnson,05/11/2008,Tim Mint,958909350,c634981c-40a8-429f-9bf6-665f5729cb2e
701,George,T.,White,10/19/2010,Individual Contributor,311706611,1927f264-3c2e-4819-9b1c-43330b5a0e94
702,Bethany,M.,Brown,11/03/2013,Gabe Michel,301727095,0ff96d1f-e95f-44af-a036-f6cba9013a06
703,Bethany,Marie,Smith,01/26/2012,Individual Contributor,908739763,90750ab2-a6dd-4f58-8b9e-a18694376585
704,Irene,Marie,Taylor,03/03/2013,Aaron Artsen,240402073,9d2d2589-60a3-4ceb-a2c3-70a0a573ac13
705,Derek,M.,Brown,10/02/2019,Gabe Michel,721580099,c0ca1f56-7e5d-44bf-adbb-2afc15dff413
706,George,E.,Smith,11/25/2006,Individual Contributor,231017894,a909564a-eed8-4d6e-831e-909fd2ab188e
707,George,J.,Taylor,11/21/2010,Gabe Michel,633662112,026db492-536b-4edd-a5f1-f5a30ba156b5
708,Alan,M.,Donald,08/20/2009,Gabe Michel,169330413,bf842794-5bb4-4fa4-a637-476ccaa3d190
709,Jake,Marie,Davis,09/04/2022,Aaron Artsen,173267337,2f8b74af-03ca-4865-be72-1354c2cf38a1
710,George,T.,Martin,06/17/2017,Tim Mint,514954731,3bc36d14-8b25-4377-939c-c82cc995532d
711,Hannah,Thomas,Taylor,09/02/2019,Aaron Artsen,439547431,ac0e0216-4733-46f9-b04e-5c90338539ec
712,Derek,E.,Smith,03/15/2010,Tim Mint,914664372,1bd272c6-991c-4a63-bb9f-b5c9e287bd91
713,Jake,E.,Taylor,04/06/2011,Aaron Artsen,722660306,e5ba45c2-9d4c-4668-af42-04b7400c6afc
714,Alan,J.,Martin,02/05/2012,Gabe Michel,411927084,467b6914-c2b7-4c89-9102-845b14ca7f55
715,Derek,E.,Johnson,07/31/2010,Aaron Artsen,608706848,5f0a0940-cdfe-4dc8-afe5-1bd723db5964
716,George,James,Martin,04/13/2008,Aaron Artsen,211304012,a0789238-c86e-459f-85aa-7740db16f0f1
717,Derek,E.,Donald,05/07/2010,Bond Liver,562835479,466718c7-2000-4a23-9679-d8b0cb628dac
718,Alan,T.,Donald,11/14/2007,Aaron Artsen,460739485,9ddd3302-406c-413d-b270-0351d87a30fe
719,Derek,T.,Taylor,05/19/2020,Gabe Michel,906924011,f59fe14e-47f6-402b-8f9c-adaa7b733765
720,George,M.,Taylor,11/29/2009,Bond Liver,215331313,25a50d9f-3c45-4247-9efc-cfb4e11d9e59
721,Hannah,Thomas,White,06/03/2021,Aaron Artsen,317300046,0df895b9-4052-45cc-8443-fa6d287f55fd
722,Irene,M.,Brown,05/18/2010,Tim Mint,721540606,2484e2fd-7d3e-4ba8-a5ed-0977e584ed31
723,Derek,M.,Davis,12/30/2023,Gabe Michel,462412840,234aea51-61d8-422b-b613-c5ec99e2b66d
724,Jake,Marie,Brown,04/23/2023,Aaron Artsen,483187117,49ca2110-aaa0-4476-a451-2f2f21f150e6
725,Derek,Elizabeth,Donald,09/20/2017,Gabe Michel,711859525,e2a0dc9e-c44f-47b9-8aed-8e4f660bd790
726,Hannah,Thomas,Davis,11/17/2014,Tim Mint,852758390,a0f36423-4c9c-4a33-b1bc-0d35d6b81f34
727,Bethany,T.,Brown,07/17/2021,Aaron Artsen,915267113,97726c79-f588-44a8-8a58-546bc7e6a830
728,Frank,M.,Martin,09/19/2013,Aaron Artsen,668473740,77460bdb-9225-49d1-b8c4-74114bcf5373
729,Frank,T.,Brown,03/07/2012,Gabe Michel,746230172,820ad66c-88c0-4f67-b438-10f3eda61787
730,Irene,Elizabeth,White,02/03/2011,Aaron Artsen,180862324,4b18a83b-3901-4171-8598-f04b9ff11222
731,Chris,Elizabeth,White,06/17/2019,Gabe Michel,414736926,bc4efda5-0fc2-4e44-99b5-006c314c0ecb
732,Evelyn,Thomas,Johnson,04/19/2010,Gabe Michel,716273833,4f7b6902-f85f-4976-8c31-d9d0c5da63c8
733,Derek,E.,White,12/22/2006,Bond Liver,362466764,100df15b-fb19-453a-926b-a05a2d69950c
734,Frank,E.,Brown,05/26/2019,Aaron Artsen,125400274,3e8719a0-e471-4c08-8eb9-3951ab378a2c
735,Chris,Elizabeth,Brown,11/19/2008,Bond Liver,927681746,354885a6-5be0-4811-b800-18572524f70e
736,Derek,James,Johnson,09/03/2015,Aaron Artsen,160116471,6823db93-2564-48e1-b69f-78a8f414bf6a
737,George,J.,Smith,03/31/2018,Gabe Michel,222622621,2672a179-22cb-4933-970f-8301aa917303
738,Frank,Thomas,Donald,03/02/2009,Tim Mint,688872408,403f075b-94b2-435f-9c86-bb93f9152956
739,Jake,Thomas,Brown,12/20/2024,Gabe Michel,715300740,13cbf4f3-e28b-4b34-9ea7-2b3a24abc78b
740,Hannah,E.,Taylor,03/30/2021,Gabe Michel,930482531,4912c345-8dfb-433a-9314-c7e401040639
741,Irene,Marie,Donald,01/19/2012,Gabe Michel,112837327,c7ee687a-eb49-468f-b5a9-0751b2018c45
742,Jake,Marie,Martin,07/12/2018,Gabe Michel,682464863,e79d3b81-a432-473b-b7b6-02021ed1a9b1
743,Chris,Elizabeth,Smith,03/19/2024,Bond Liver,139090005,6faefa42-8f67-4940-9509-166eed8d4058
744,George,M.,Donald,08/19/2009,Bond Liver,764762551,6e4de770-bbb1-4e99-9142-14ea454ee6ef
745,Irene,Elizabeth,Johnson,02/29/2008,Aaron Artsen,508090599,49fa4667-e133-44cf-8c56-544659326ec6
746,Hannah,James,Smith,07/12/2013,Gabe Michel,485774238,2ffb4e1a-cebb-4dcc-be5a-2b4ba1493527
747,Frank,J.,Smith,06/22/2017,Tim Mint,948259597,1234e96b-830d-4b6f-91d1-26f988105006
748,Bethany,Elizabeth,Smith,09/12/2007,Aaron Artsen,185671884,b5d1fdbc-06c1-42eb-b1cc-0c62de828a57
749,Alan,Thomas,Johnson,04/18/2015,Gabe Michel,584762524,cbb6fac8-198f-4cc3-86a2-4682aa68b6e3
750,Hannah,James,White,07/16/2009,Tim Mint,593137148,4627285f-2968-4de9-aeba-06d3ca1e1629
751,Alan,Marie,Taylor,04/18/2017,Bond Liver,801735049,dab7ea62-bfb9-4b86-8f52-d4e1b52de95a
752,Evelyn,M.,Davis,04/22/2015,Gabe Michel,974000698,5fda1787-9f20-4aac-b5fd-9100ab0e81ad
753,Irene,T.,Smith,05/31/2021,Gabe Michel,463809701,44613957-0fc7-4356-9bdd-10ed180ff147
754,Hannah,Thomas,Johnson,04/07/2012,Aaron Artsen,765841967,a9d2cc44-4ae1-4cd3-802d-45ea717e6303
755,Irene,J.,Taylor,10/10/2006,Bond Liver,154334917,9040215c-c466-4448-a53d-ca7778cdc4f7
756,Chris,Elizabeth,Donald,05/18/2015,Aaron Artsen,531907018,aae52730-2e5c-446e-a257-b2a7d285a091
757,Chris,Thomas,Davis,09/01/2008,Tim Mint,961400968,4145dfeb-6e4d-4708-8614-9c681fe3d6fc
758,George,James,Martin,09/12/2023,Aaron Artsen,552490627,78dde016-890d-4f80-996a-837d233ff464
759,George,M.,Martin,09/02/2006,Gabe Michel,381589512,94131e53-1086-47e7-9e71-bf49b5ab4b2a
760,Jake,James,Martin,08/03/2020,Tim Mint,269247977,ca7405cf-7ea0-4965-b5ae-661e7c5df1ca
761,Hannah,James,Donald,10/11/2010,Gabe Michel,783631045,f172d775-3206-4a46-9ee3-6b4eb7e44ec3
762,Jake,T.,White,03/26/2006,Individual Contributor,265630443,d31014d4-f187-450b-ad30-88a62f2312a5
763,Frank,M.,Brown,10/24/2010,Tim Mint,790256294,e35e2732-aca0-431d-a205-ec5fcba2c6ca
764,George,Marie,Martin,09/28/2023,Tim Mint,471611579,141fd613-f8a7-4e6e-a98d-0cc52e700023
765,Bethany,M.,Taylor,12/30/2011,Gabe Michel,499975081,27dcb095-01bb-44f1-aecd-4a91fd0f8f5a
766,Hannah,Thomas,Brown,11/09/2024,Aaron Artsen,431414741,ce880f53-194f-4979-84be-fc4f31e25f34
767,Alan,Marie,Smith,11/02/2012,Gabe Michel,909655762,d226213c-0646-4c91-954e-429be9991914
768,Jake,Thomas,Taylor,09/28/2018,Bond Liver,578861788,25b00195-82a8-41af-95b1-211fddd19860
769,Alan,M.,Brown,01/04/2022,Individual Contributor,133522416,99544521-33a8-4d3e-9076-4fc269863148
770,Frank,T.,White,10/26/2022,Bond Liver,174845248,f38134a6-8b48-4fa1-857c-f86a5950228e
771,Derek,E.,Johnson,10/03/2010,Gabe Michel,836242012,98d13903-46ae-4975-8daf-248b97aec560
772,Bethany,E.,White,04/15/2018,Bond Liver,922292652,7c4b0a4a-afdf-4c9b-a37a-3b1bd6851d79
773,Irene,T.,Davis,11/28/2005,Individual Contributor,452080343,47ec9e0a-fa35-46ad-8459-6bec01af3950
774,Jake,T.,Donald,07/15/2005,Tim Mint,267107853,b51144e5-a7e2-43de-bbf5-f3c0fa814e07
775,Chris,Thomas,White,11/18/2018,Gabe Michel,912000533,12b56eb1-2cc9-4755-a2a4-bcdde88e9712
776,George,E.,Martin,04/25/2006,Bond Liver,399042994,8e91ba4b-c326-473b-8c19-989d3283f133
777,Irene,Marie,Smith,12/23/2006,Aaron Artsen,814415898,48147d36-4f84-41d7-8997-31b2bbb23c92
778,Evelyn,Marie,White,09/23/2005,Gabe Michel,964950800,a662a0d4-0638-4970-a7c3-c2770cdb8308
779,Alan,E.,Taylor,01/02/2019,Aaron Artsen,331704323,77b39968-df9e-4307-9958-2cffdb16b98c
780,Jake,T.,Martin,01/03/2017,Gabe Michel,520567253,ac22b295-5512-48d5-9559-128b85c775d8
781,Evelyn,Thomas,Davis,11/16/2024,Individual Contributor,929016194,23f4146b-e151-4ae4-8828-3d89d80f91a3
782,George,James,Martin,11/28/2005,Gabe Michel,568693968,b3939246-a072-43d8-ba03-cb88fb49300a
783,Bethany,J.,Johnson,08/07/2008,Individual Contributor,296371143,d66b6154-a9c9-4bc7-aa9f-07cc3f63a3a1
784,Irene,M.,Martin,05/25/2008,Gabe Michel,897898665,4c81bf65-215b-4fbf-b2bf-8244231a524b
785,Alan,M.,White,12/08/2013,Gabe Michel,665082363,50401ea0-76b7-47ce-afac-a6b3c9975720
786,Jake,T.,Smith,12/20/2005,Individual Contributor,856941969,4120567a-4e6f-454a-820b-724c8c11cc52
787,Frank,T.,Johnson,01/19/2014,Gabe Michel,976940511,77a6922f-157f-485c-8ee4-a1b8e79566e4
788,Evelyn,Marie,Donald,11/26/2010,Gabe Michel,657920875,f7545c5e-75d6-44e6-a7bf-d96558fce3b0
789,Chris,J.,Taylor,08/04/2024,Gabe Michel,480123980,647adcf5-7eb7-4ea2-b036-8f0d896ebdf0
790,Bethany,Thomas,Johnson,06/23/2019,Individual Contributor,152945617,c3f08b8a-ad94-4fea-99ef-f47ba2fe747f
791,Alan,E.,Taylor,08/08/2021,Tim Mint,641938132,2ee2fdf8-9760-4e45-aef1-16f53829b6b9
792,Frank,J.,Taylor,08/07/2014,Aaron Artsen,522790133,354a0f76-f9ff-4353-a48d-55eca37dc38f
793,Hannah,M.,Brown,11/15/2018,Individual Contributor,479278041,54cd12d2-99fb-4efa-b1ea-890b94384cc2
794,Derek,E.,Donald,03/18/2013,Individual Contributor,577077261,2e371012-2495-4d11-9130-d6f32dfee226
795,George,M.,Brown,06/26/2017,Tim Mint,232499393,9c6645e3-952a-4f80-b6f6-0ed0af18f720
796,Chris,E.,White,10/22/2013,Gabe Michel,908444840,f38df70d-9404-4790-b38a-bba802a37f62
797,Jake,Thomas,Brown,09/25/2019,Gabe Michel,867406684,0395b1df-25d5-4a84-bb0d-71cdb93e2edc
798,Alan,Thomas,Brown,03/31/2012,Aaron Artsen,682509043,e926f8fc-0978-4619-b392-667f13c0f080
799,Chris,J.,Johnson,10/26/2014,Bond Liver,418174935,0110406c-d8da-4dde-bd19-cdb080aff78b
800,Frank,Marie,Johnson,08/09/2023,Gabe Michel,538384048,0215c535-3b4c-4556-a0ad-952be8768f6d
801,Derek,E.,Johnson,08/21/2024,Tim Mint,985461242,3695cd32-59eb-4877-9047-e86adc26e7dc
802,Irene,T.,Taylor,07/13/2020,Gabe Michel,270850580,76497d80-7f2f-4e48-a3a6-76141bdcb6be
803,Jake,Marie,Brown,02/18/2015,Tim Mint,490017722,177d6610-9d2d-42f9-8cf1-6e0ed77c16b0
804,Bethany,Marie,Donald,09/28/2018,Tim Mint,639106186,49962a95-939e-4359-84b2-9d623e44c323
805,Hannah,Thomas,Martin,08/27/2011,Gabe Michel,606716356,880c8fa7-4751-4f62-89ba-e973c5854b60
806,Derek,Thomas,Donald,06/29/2010,Gabe Michel,879672769,ba28b6e9-e250-4514-a9bd-6ea721c306ae
807,Evelyn,M.,White,01/02/2023,Bond Liver,904335994,0ca0e7a4-50f2-412f-9c74-70e0312fac94
808,Evelyn,J.,Davis,01/18/2011,Individual Contributor,549192566,be953beb-880e-49b7-87c2-56725d35702a
809,Bethany,E.,White,06/26/2005,Individual Contributor,554858231,25311213-c256-4708-be46-2c0220444153
810,Hannah,E.,Johnson,12/28/2005,Bond Liver,829416776,fed1e474-1268-4316-8db5-cf97158fb0c3
811,Chris,T.,Taylor,03/13/2008,Tim Mint,696073259,749d2538-c350-4e01-a45a-635aceffd12a
812,Evelyn,Elizabeth,White,07/04/2009,Aaron Artsen,652208475,7a4b90da-418c-4cd8-9d28-bb3f190bb9d6
813,Frank,Thomas,Donald,05/15/2009,Gabe Michel,561143187,a6455dcb-2f05-485f-9fc1-b8479aee97a7
814,Irene,J.,Taylor,12/17/2006,Bond Liver,542290861,e8a745b5-a879-4d6a-9924-c6c66866c05b
815,Irene,J.,Taylor,07/09/2005,Individual Contributor,775235965,87577dc0-740b-4616-a35e-f4884d912375
816,Hannah,M.,White,11/04/2006,Aaron Artsen,400244305,249bdda2-e1e0-495f-a67d-9c7e9d602005
817,Alan,M.,Davis,09/18/2010,Individual Contributor,579379412,68414c6d-b2c6-44a3-ab56-81cd31000630
818,Alan,E.,White,08/12/2021,Aaron Artsen,735543343,f3bbf6f2-4fd2-405c-8bc6-752a10cb0286
819,George,J.,Johnson,06/20/2013,Gabe Michel,661984182,a30c1601-895f-4316-957f-a7d95e764685
820,Irene,Thomas,Donald,08/14/2021,Gabe Michel,481999809,d3921150-c249-4281-8109-687109b2c865
821,Frank,Elizabeth,Taylor,05/28/2019,Bond Liver,263049778,ba44a296-9532-4026-be2d-124773adcfbe
822,Frank,E.,Johnson,11/28/2020,Gabe Michel,161195114,be0c37a7-ae12-4e79-a428-79aafc2c3ec9
823,Jake,E.,Davis,10/15/2016,Gabe Michel,218773572,3a18e92f-28de-4546-83c0-bb33051c6168
824,Irene,J.,White,04/12/2015,Individual Contributor,542533395,7d5a8ca0-295d-41d8-b294-f5c9db9744de
825,Jake,M.,Davis,12/20/2005,Bond Liver,314130712,4dd338ee-ea38-4e00-b13d-62b9e5f873eb
826,Chris,Marie,Donald,02/16/2008,Aaron Artsen,180535868,99591562-034a-439f-805b-7b12bca7ff38
827,Alan,T.,Martin,06/02/2014,Aaron Artsen,139005537,a7478d11-2677-411b-b3a2-77b483815318
828,Irene,Elizabeth,Davis,02/01/2015,Gabe Michel,696543026,114b479c-ab97-45a3-ae5f-542a64518396
829,Chris,Marie,White,06/04/2005,Tim Mint,656256604,9f5a22b5-9c52-43c2-be82-1f11e2f75297
830,George,James,Martin,06/03/2019,Bond Liver,928673468,ce54c983-ffcd-40da-9ea0-a26a900af2cb
831,Derek,M.,Brown,11/29/2010,Individual Contributor,273150342,958586db-fa66-447f-88b1-9c7965dcbd6f
832,Chris,Elizabeth,Martin,09/07/2008,Aaron Artsen,416508571,aa0cfe1d-7165-4b4a-acbf-a19abda6783b
833,George,T.,Brown,05/05/2012,Tim Mint,217518765,324f4750-3dce-4540-8c2b-d837e971913c
834,Frank,Marie,Taylor,05/20/2014,Individual Contributor,265061690,5a8c6623-ebf5-460c-860f-c196c9b156c9
835,George,M.,White,09/26/2021,Bond Liver,565981229,cce0e90d-952c-4406-b85a-4dd1193488fc
836,Bethany,James,Johnson,04/07/2010,Gabe Michel,410058055,ff60035b-7b1c-471c-a01b-e489f7bfc575
837,Evelyn,Elizabeth,Brown,10/02/2020,Gabe Michel,496275270,e186003d-3ff2-4958-9ad3-87b6acc4a06d
838,Hannah,Thomas,Taylor,01/14/2012,Gabe Michel,176715329,c19a8096-a555-4b94-954f-5a0c1e30d372
839,Evelyn,T.,Brown,03/26/2018,Gabe Michel,796596508,97312eef-b4b3-46c0-b1fb-bbf1ef53a261
840,Evelyn,T.,Johnson,12/27/2005,Bond Liver,644490851,979d9595-1cb3-4c93-9b60-3f72118a6bea
841,Bethany,J.,Donald,12/29/2009,Aaron Artsen,835745441,30e0cb5e-66bd-4880-a841-72a62a47501b
842,Bethany,J.,Martin,05/24/2007,Gabe Michel,303920601,10de21ce-f823-4fa3-953d-a1a6ad2e760c
843,Frank,J.,Taylor,12/26/2009,Gabe Michel,192014513,b695b694-6c25-4b41-8648-cd3883e8b249
844,Bethany,J.,Taylor,04/12/2016,Aaron Artsen,216589858,ef715ddb-1275-427c-abe5-ccfc0f928b0d
845,Chris,James,Donald,09/04/2014,Aaron Artsen,491263867,350dc05f-4a0e-4f40-a252-2eb19e2a7cf0
846,Chris,J.,Taylor,12/01/2012,Gabe Michel,492614743,a37ee1f0-c8b2-4248-84a2-1f0141890b26
847,Chris,M.,Johnson,12/09/2017,Individual Contributor,721393992,cd7326ca-c12d-4246-bfe5-78002924b480
848,Jake,Thomas,Taylor,11/09/2023,Aaron Artsen,845281725,c5f21312-e079-457e-b2a7-c2994dace659
849,Derek,Elizabeth,Johnson,06/20/2022,Gabe Michel,728386249,f2c72992-1bc3-42c0-a793-0e78ad206279
850,Alan,M.,Martin,12/03/2024,Individual Contributor,555844453,1b5dba67-7f7a-4310-bedc-3e11be2561f8
851,Frank,M.,White,07/21/2007,Gabe Michel,763143527,d38000da-f782-4f74-9a68-4013d11ab02b
852,Evelyn,M.,White,12/21/2005,Individual Contributor,409171043,08ce468e-107c-4c2a-a0ee-8ccbf99497fe
853,Chris,T.,Davis,01/10/2023,Bond Liver,152846480,443406b9-3f7b-4e54-b137-96d85d8ef364
854,Frank,J.,Donald,10/17/2010,Individual Contributor,754402815,a82340f1-8666-4c3c-a407-93345f617d41
855,Frank,Elizabeth,Davis,01/02/2021,Bond Liver,526602261,d0926a1b-319c-4697-95f2-6e2e01dbeb7e
856,Irene,T.,Donald,09/12/2014,Bond Liver,186120102,3d88e94f-ed7c-46b9-a863-2d39c77018de
857,George,Marie,Johnson,12/06/2017,Bond Liver,229560533,be9f000c-9d5d-4c52-81e1-78e4a99cba8a
858,Hannah,E.,Davis,01/12/2014,Gabe Michel,372781450,e3735b07-19bc-4418-aed8-27ce4c705e31
859,Derek,E.,Davis,07/04/2012,Bond Liver,332221776,941e729a-efcf-45e1-8b04-c7f2780915f2
860,Alan,Thomas,Smith,03/09/2014,Bond Liver,542549038,486b4b9a-656a-4b66-a1bb-bb1c1d7d3a93
861,Hannah,T.,White,11/16/2022,Bond Liver,706108940,543be4a9-f82b-40e3-80ed-035f5fb6d364
862,Evelyn,J.,Donald,03/22/2007,Gabe Michel,650956871,27e53ebd-8bf9-407d-a1ce-745b78f28d95
863,Irene,Elizabeth,Taylor,09/23/2024,Bond Liver,268451531,fecb23c3-5d39-40c7-a297-67cc6a5ca9eb
864,Jake,M.,Johnson,10/24/2023,Gabe Michel,910302965,45c10808-3318-4535-8228-49c739395dc0
865,Frank,James,White,05/04/2008,Aaron Artsen,550868798,bbea5b3e-e3a2-45d9-b9c4-819a3e9ca529
866,Chris,Elizabeth,Davis,02/10/2016,Aaron Artsen,663761630,00c91ca4-5379-48ec-ab89-9b2489722aed
867,Hannah,Marie,Taylor,04/19/2006,Bond Liver,840158987,5444fdc1-592d-4f70-8088-bd7b6c44f0a2
868,Derek,Elizabeth,Brown,01/04/2017,Gabe Michel,684330183,88f23035-44f9-4d3e-8345-02fa054c4482
869,Derek,E.,Davis,03/03/2014,Gabe Michel,951238580,0932acba-5ef2-4787-8ec8-08cdaec0c4e7
870,George,James,Smith,09/09/2017,Aaron Artsen,101138458,13de2c8d-8637-475d-8d23-9536af4e743a
871,Frank,Marie,Brown,05/16/2024,Aaron Artsen,864331425,4b98e999-40c0-4cd0-9c2d-7747dc3e6e7d
872,Chris,E.,Taylor,04/27/2015,Tim Mint,625054415,6035eca7-0dbc-43b1-8bf8-f69096b3183b
873,Jake,M.,Taylor,06/12/2018,Gabe Michel,302523401,4a98ca48-fa71-4e5b-8679-8942743371ae
874,Irene,James,Taylor,03/21/2017,Gabe Michel,772811032,6e5ecf69-86c2-406b-bc26-e96c9fcff7e7
875,Derek,J.,Brown,03/23/2005,Individual Contributor,983630044,701db4a6-4765-41bf-9416-0cf4d49b6614
876,Irene,James,Taylor,03/25/2020,Tim Mint,334541766,89b34fe9-987e-456d-9e76-693b4d2d198c
877,Derek,James,Davis,09/01/2010,Gabe Michel,688289624,f8f08702-be83-4673-a42c-b96604c15cc9
878,Derek,T.,Taylor,02/19/2023,Gabe Michel,529761521,7d22363d-2d85-4b41-a386-1711302e30b6
879,Chris,M.,Martin,12/19/2022,Gabe Michel,414239375,83416fc4-4a6a-426f-b3a1-451d628db5f7
880,George,J.,Davis,09/06/2011,Tim Mint,187451426,7b3e1a0b-d674-455b-8ef6-51f981d482c1
881,Jake,James,Johnson,09/25/2014,Tim Mint,700367833,041d8fdf-4d59-4a50-8a1f-53b580f18a8b
882,Jake,Marie,Johnson,04/07/2018,Individual Contributor,763591476,4d34f9f3-0125-44aa-8420-0298a9187bb5
883,Jake,Elizabeth,Donald,07/19/2023,Aaron Artsen,472535884,18388d14-adc7-4674-bbff-4aedcd70f22e
884,Irene,Thomas,Martin,02/04/2016,Individual Contributor,917641286,e75ce0aa-1bd3-4a60-ae35-e99b6878af8c
885,Frank,Marie,Martin,02/25/2024,Individual Contributor,991274124,8e87c598-6a4c-46dc-a804-1d8373b77112
886,Frank,E.,Johnson,10/15/2009,Gabe Michel,155966332,c5eaebbe-c7f4-4a12-9c2f-d55ff0044310
887,Hannah,J.,White,10/20/2023,Tim Mint,407598578,f25e617f-713a-4dcf-b5e5-618f6db71420
888,Derek,T.,Smith,01/25/2020,Individual Contributor,183384910,086f00cd-a48f-4cd3-b457-a0e52a996133
889,George,E.,Donald,10/22/2005,Gabe Michel,425691213,29cdd11e-d7bc-4003-b91a-62d6b59627dc
890,Evelyn,Elizabeth,Donald,11/15/2020,Bond Liver,578383148,1c7a656a-4410-4295-a4cc-3c9ffee687b8
891,George,Thomas,Brown,12/26/2008,Individual Contributor,759723799,9039c16d-05c6-4c05-9757-33e401c17ca6
892,Irene,M.,Smith,10/08/2017,Tim Mint,344086811,e47d54ee-39d6-42fd-9d14-49f2733d349f
893,Derek,Marie,Smith,01/07/2009,Gabe Michel,157451724,e6b11e74-fc33-4d12-9095-a54dd989ece9
894,George,M.,Taylor,04/27/2012,Tim Mint,767692048,d168d732-8dc4-4ecc-ba82-85e0814e6172
895,Bethany,T.,Taylor,05/29/2022,Tim Mint,887498164,255b8c96-6fbb-4a37-a9b2-c38f231e12b5
896,Hannah,M.,Donald,03/13/2024,Gabe Michel,917556858,2ef0ccba-f0f7-4015-8386-0a3936e916b4
897,Bethany,J.,Johnson,12/28/2009,Bond Liver,702155019,d8093ee7-8603-4919-8143-b9e9e0ef61ef
898,Evelyn,T.,Davis,09/23/2017,Bond Liver,728527759,6aae7c36-6bcd-4095-84c2-fb9e5a31e1e5
899,Jake,M.,Johnson,11/28/2007,Gabe Michel,476568277,788301f8-abc7-4e30-92c8-729be254f196
900,Frank,M.,Smith,09/25/2015,Gabe Michel,721562944,c40e2441-19e2-4353-ad51-cfa1d86ad669
901,Jake,Thomas,Smith,10/25/2011,Individual Contributor,972163033,9db77186-dcb3-4451-b597-b1b8c821a260
902,Irene,E.,Martin,11/19/2008,Aaron Artsen,846628559,39cf0ffb-6899-48a8-946f-94558d0e0c2c
903,Bethany,Marie,Brown,09/22/2005,Individual Contributor,247215721,b7ca9ba3-0aae-45a7-914f-e686a64e6688
904,George,Thomas,Johnson,06/27/2020,Gabe Michel,799631836,1ee699af-32a0-4b8d-9906-1ec1aa927970
905,Chris,Elizabeth,Johnson,12/07/2024,Gabe Michel,437145661,4f1a21dd-2f9f-441b-b813-2db0c0f5296b
906,Alan,Thomas,Davis,09/12/2008,Aaron Artsen,201098253,a51704a1-3e01-47fb-9a5f-78bd1f380ff6
907,Jake,Marie,Davis,06/06/2016,Gabe Michel,321351413,988204ed-a5dd-4a08-aa4c-5bfc49407c94
908,Alan,J.,Donald,11/11/2013,Gabe Michel,461733765,743a1b0c-cf38-4334-bef2-545c479365c7
909,Alan,E.,Davis,11/25/2016,Individual Contributor,860092592,854ead54-4249-4ae3-be86-9686b78210b3
910,Chris,J.,Johnson,01/16/2012,Tim Mint,670818494,38d54ff9-4f0d-4df6-b8e5-e6fa25017933
911,Chris,James,Donald,02/22/2008,Tim Mint,555758321,c835cc64-9b79-4ccb-9e8d-4ce01041d8d2
912,Bethany,T.,Johnson,01/16/2021,Tim Mint,518056943,1c198421-ee08-47d5-8f11-cd0502cc3db1
913,Jake,J.,Johnson,12/18/2005,Gabe Michel,440804888,f98fa28e-3d17-42d7-b411-ae2489cb1504
914,George,Thomas,Taylor,05/06/2009,Tim Mint,418531644,f1eee196-76e1-4e1d-9385-826cbf104d6f
915,Bethany,J.,Davis,11/15/2024,Gabe Michel,296048738,15d90f25-0db7-492c-8945-a9258eee2da0
916,Irene,James,White,09/28/2008,Individual Contributor,946709588,4acf4abd-cb3b-4cc8-bf4e-8672cb6a5e3d
917,Hannah,Thomas,White,05/27/2024,Bond Liver,295405157,a2ec396f-997e-4c64-9803-d782cb6604c8
918,Chris,Thomas,Johnson,07/29/2020,Tim Mint,393178309,089904cc-0270-4f36-9885-bf15e2d96a37
919,Evelyn,James,Donald,08/20/2008,Gabe Michel,149445450,01117c20-962f-4880-98f8-6fa1fa375b5f
920,Alan,J.,Brown,12/03/2019,Bond Liver,547872933,9262e314-61f0-49f0-bc43-1fc23e549595
921,Derek,M.,Martin,06/19/2011,Aaron Artsen,511457247,d6d0fad4-95cb-479c-8a07-3e45508907ff
922,Chris,M.,Johnson,11/02/2020,Tim Mint,334276222,ea5fe437-9275-457d-b421-ba9bfa9fd5d6
923,Jake,Thomas,Brown,05/14/2024,Gabe Michel,280183346,2c2fb71b-bd82-4e58-a00c-d71594724327
924,George,J.,Taylor,10/28/2011,Gabe Michel,510378916,49e90411-a70b-4388-bd9d-0ee590593811
925,Derek,James,Johnson,07/07/2017,Aaron Artsen,444089918,6dd0caa6-c498-47a6-9efd-03d4cb66bab3
926,Derek,Elizabeth,Davis,06/27/2006,Bond Liver,898694607,8802c422-183e-46ca-abed-3f7bded70e77
927,Hannah,Thomas,White,08/20/2008,Aaron Artsen,707759218,78711673-0aad-4f4a-ba13-544deb1cd888
928,George,Thomas,Davis,09/30/2018,Individual Contributor,547528724,8775f132-1bba-4d0f-b1af-53b171e155c5
929,Jake,Marie,Johnson,01/31/2016,Tim Mint,625858285,05eda715-3c60-42f6-8f4c-191c6d5ef2b7
930,Evelyn,E.,Martin,06/08/2005,Aaron Artsen,132191380,34dc6eb8-cacb-49cd-8994-0c46228ea14b
931,George,Thomas,Martin,01/11/2008,Tim Mint,950344682,0ff302d1-39df-4139-9174-e530f26264c8
932,Derek,James,Donald,03/06/2013,Gabe Michel,593283817,c7542586-2c89-44d2-81d6-97d31aaeb372
933,Bethany,T.,White,06/09/2011,Bond Liver,847890523,bf353128-c46b-41b6-a526-459d758a66f6
934,Evelyn,Marie,White,01/05/2023,Gabe Michel,241042478,31fe1bd5-0d23-4ae6-9f3f-2e0a3f9cb5d8
935,Evelyn,J.,Davis,05/29/2013,Gabe Michel,719506222,c1a1ba08-f7a1-4ba9-a12c-9cc7de29a71b
936,Frank,T.,Donald,10/06/2011,Aaron Artsen,806927089,45dd97f9-c8b8-4fbd-8b11-7dc19a7e23a5
937,Alan,T.,Brown,10/18/2007,Gabe Michel,708318954,da0b74c5-4150-48f3-808e-f4735a25d1f9
938,Jake,Marie,Johnson,07/25/2010,Gabe Michel,991393658,d1763882-ece8-4222-a4d7-04d8e70f3ca3
939,Chris,Elizabeth,Donald,06/03/2011,Tim Mint,631357291,921a860e-c1e4-4218-a346-5dd6d7b88590
940,Bethany,James,Smith,03/17/2011,Tim Mint,465498255,1f6d8567-6f79-4749-83c6-d43f8d41c6df
941,Chris,Marie,Davis,08/13/2016,Gabe Michel,952833128,f037e756-48f8-41ed-b8de-eccf2e94e838
942,Evelyn,T.,White,09/16/2023,Aaron Artsen,991148835,db026c02-a6b5-4a50-9892-3783c4781d05
943,Bethany,T.,Brown,02/01/2016,Gabe Michel,427355749,f183e925-bacf-4f1d-854a-7411de4dcc41
944,Chris,Thomas,Brown,12/20/2009,Bond Liver,332548546,502bf7f7-b361-43cc-9eaa-241f627c721d
945,Jake,E.,White,07/14/2016,Gabe Michel,439063610,3a4f07d6-ab44-4d05-b343-7938daa5eb81
946,Alan,E.,Davis,11/16/2015,Bond Liver,620285120,4f69399a-492f-483f-82da-e2328e5a3153
947,Jake,Thomas,Smith,01/28/2017,Aaron Artsen,707736236,6029933a-4b79-4f7a-8fdd-b9f337de0dc7
948,Hannah,Thomas,Martin,07/29/2012,Bond Liver,919224738,536217ad-6bdd-41c8-a835-6ebaf56415ea
949,Irene,Elizabeth,Martin,07/19/2013,Gabe Michel,767220739,eadd5346-acfc-4977-a71a-5a6997bfb794
950,Derek,James,Davis,05/25/2021,Bond Liver,519301274,2c0dd56c-0d2e-405b-a2e0-3615c4047f0a
951,Jake,James,Smith,10/11/2015,Bond Liver,414588716,655e14ab-158f-4310-86d1-17a756d77ae4
952,Jake,M.,White,05/25/2020,Aaron Artsen,728730642,0a21441c-df3a-4c41-beb6-3689d213af6e
953,Hannah,Elizabeth,White,03/07/2011,Gabe Michel,961873505,bbd9f144-0b41-4141-9508-ff87180d0ba1
954,Hannah,E.,Davis,09/15/2008,Gabe Michel,981772644,60e741c5-a2c7-4005-a488-38e99e362528
955,George,Elizabeth,Brown,10/28/2010,Gabe Michel,938314160,b5982269-fc88-4d1d-85ce-eb18b1eb9508
956,George,J.,Martin,12/30/2005,Gabe Michel,736665557,b1697d71-e41b-49fc-9a3c-9610af392ea1
957,Evelyn,James,Brown,04/01/2024,Bond Liver,869362269,56664fe7-9bb8-44c3-8cb2-d75d005fadf7
958,Derek,J.,Brown,02/06/2019,Aaron Artsen,638644262,6abffb8e-5e27-4e80-a6dc-a3192f3caef1
959,Derek,Marie,White,09/22/2023,Individual Contributor,541005377,06f5fef7-d64b-4e16-96b3-0c96d45b29e6
960,Irene,Thomas,Brown,09/12/2023,Individual Contributor,953327914,f479ceb0-67a9-48fb-bcfb-02058725f698
961,Irene,Marie,Donald,03/22/2012,Individual Contributor,909882425,87876c2a-0963-49e2-b7c3-6f7280640872
962,Alan,E.,Donald,11/12/2024,Tim Mint,314924653,53ffd593-4a71-4eb0-b6ce-373ad9790efa
963,Irene,Thomas,Donald,12/23/2014,Tim Mint,113509188,db684185-0758-4ef9-9e85-8aaad6ab5e59
964,Bethany,Thomas,Martin,08/05/2012,Aaron Artsen,972325321,caa32e20-bed2-4893-82a3-cd99bee187af
965,Alan,J.,Martin,07/13/2006,Gabe Michel,477517739,f0522b9b-569e-49bf-9c62-f7b8c22cda78
966,George,T.,White,06/15/2011,Bond Liver,570092135,7f65fef7-4b65-4318-ab4c-093a6d669354
967,Chris,E.,Martin,10/16/2024,Bond Liver,255497586,c38df745-0672-4091-8bd5-b84053022586
968,Frank,Marie,Donald,08/09/2010,Gabe Michel,737201104,04518ab5-bca4-4c98-ae90-92dd880943f0
969,Alan,James,Taylor,12/01/2006,Individual Contributor,246529178,8fc7c02b-eee7-438b-9925-d84b4fa6c9cd
970,George,James,Johnson,05/18/2012,Gabe Michel,755260419,eb972daa-2193-442f-be97-1909b3ba8f80
971,Alan,E.,Donald,01/14/2019,Aaron Artsen,302963810,abac7338-4071-4e92-ab30-36e894b6ac3a
972,Evelyn,Marie,Taylor,05/15/2007,Tim Mint,371221143,a4df51e1-14ba-4e4e-b713-3810d6369e73
973,Irene,J.,Davis,03/30/2014,Tim Mint,683387471,f2af1bb2-1e7c-401b-a7cb-229cff7f889c
974,Bethany,Elizabeth,White,11/01/2009,Aaron Artsen,581936009,800b46d7-b736-4393-be5a-2dbbb1729b3f
975,Alan,Marie,Johnson,08/26/2020,Gabe Michel,266892383,5077fd92-39f2-4adc-af9b-6593d7638efd
976,Derek,M.,Davis,02/21/2023,Tim Mint,616963301,539c0cbf-7e68-4a6c-963e-b92c17926bb6
977,Irene,Elizabeth,Taylor,09/17/2013,Bond Liver,675202465,84e61c75-00d4-4327-bfdb-cba6403c6d58
978,Jake,Thomas,Smith,05/08/2015,Tim Mint,174740647,f135794d-9e9f-411d-90a1-483c921262bb
979,Alan,J.,White,11/27/2020,Gabe Michel,910518732,17afdf40-402c-495b-b8a5-c297f75e782f
980,Evelyn,E.,Johnson,07/02/2013,Bond Liver,530973199,271238be-1c6a-4e31-98b6-c559f9aca99b
981,Evelyn,J.,Taylor,02/23/2014,Gabe Michel,139118155,9b2b4989-2698-429d-a72e-59b65f6a2b86
982,Jake,E.,Smith,08/17/2020,Tim Mint,497199362,1ba8c21d-447c-4eac-8043-df2808be1ecf
983,Hannah,T.,Brown,11/26/2017,Bond Liver,822320758,923c4d8a-7378-40fc-9e7c-8c72f68fb6af
984,Derek,T.,Donald,10/26/2014,Individual Contributor,637191345,ed681b6e-c924-4250-88b7-0c243dcce98f
985,Evelyn,Elizabeth,Davis,09/16/2007,Individual Contributor,349971254,24af94a8-742f-4674-ad96-6f195b69a751
986,Derek,Thomas,Smith,05/25/2009,Bond Liver,454858706,03f94cf6-1806-4be5-8242-67e309f66d76
987,Bethany,T.,White,08/28/2021,Individual Contributor,516602268,9997851c-0c00-4627-ba31-b54f75aa26ef
988,George,E.,Smith,05/13/2020,Gabe Michel,123918968,cd906a94-e9ae-4d58-8f60-f5400692e2bc
989,Jake,James,Taylor,06/23/2013,Gabe Michel,205973831,dc784bd6-89dc-4a80-9fde-249466555129
990,Hannah,James,Smith,01/01/2023,Aaron Artsen,321328601,89000262-16fc-468c-a504-5b719a0b6ba2
991,Hannah,J.,Taylor,08/22/2005,Bond Liver,687495412,c5e48f54-f2dc-49b4-93e3-9bed6558b493
992,Bethany,James,Taylor,11/16/2007,Aaron Artsen,492910659,d8011a71-c9ca-4bc3-ada3-a0f87ed54f54
993,Hannah,E.,Martin,07/07/2021,Gabe Michel,891086396,c445d512-e754-4f1d-a579-9ecc9217be63
994,Evelyn,Thomas,Taylor,10/27/2007,Aaron Artsen,764728119,5c980574-f401-428e-b88c-cb40fe61fc08
995,Irene,Elizabeth,Martin,05/21/2009,Gabe Michel,283714204,313ce561-7b6e-4f8d-b5d0-1722cca78a40
996,Jake,T.,Brown,01/16/2018,Tim Mint,726411576,acef31e0-ef48-4618-a64b-259001ff0f87
997,Derek,James,Johnson,11/11/2011,Aaron Artsen,894014295,cf3f4d7a-48a4-43c3-8026-03138821cf02
998,Alan,Marie,Donald,11/04/2008,Bond Liver,366669948,5bf09323-595e-4392-adaa-bab86e695ad7
999,Jake,J.,Smith,10/30/2012,Gabe Michel,280963482,78380873-d065-4756-b20c-1c17bebb8296
